initial	head=4702d23909a48d72c28fa44ccc51b7902d1cb35f	main=F276FE422B2609C0F1A23555876A74DF1B3EB343C6C0EB5ED4410D0176963790	checks=F3CAE694C22E61830C88A845F9A3CCB83BF1F2F3D82D5B6E13F178521E0278BC
before:actual-star-question-support	head=4702d23909a48d72c28fa44ccc51b7902d1cb35f	main=F276FE422B2609C0F1A23555876A74DF1B3EB343C6C0EB5ED4410D0176963790	checks=F3CAE694C22E61830C88A845F9A3CCB83BF1F2F3D82D5B6E13F178521E0278BC
after:actual-star-question-support	head=4702d23909a48d72c28fa44ccc51b7902d1cb35f	main=F276FE422B2609C0F1A23555876A74DF1B3EB343C6C0EB5ED4410D0176963790	checks=F3CAE694C22E61830C88A845F9A3CCB83BF1F2F3D82D5B6E13F178521E0278BC
before:actual-star-span-intersection	head=4702d23909a48d72c28fa44ccc51b7902d1cb35f	main=F276FE422B2609C0F1A23555876A74DF1B3EB343C6C0EB5ED4410D0176963790	checks=F3CAE694C22E61830C88A845F9A3CCB83BF1F2F3D82D5B6E13F178521E0278BC
after:actual-star-span-intersection	head=4702d23909a48d72c28fa44ccc51b7902d1cb35f	main=F276FE422B2609C0F1A23555876A74DF1B3EB343C6C0EB5ED4410D0176963790	checks=F3CAE694C22E61830C88A845F9A3CCB83BF1F2F3D82D5B6E13F178521E0278BC
before:port-cycle-replacement	head=4702d23909a48d72c28fa44ccc51b7902d1cb35f	main=F276FE422B2609C0F1A23555876A74DF1B3EB343C6C0EB5ED4410D0176963790	checks=F3CAE694C22E61830C88A845F9A3CCB83BF1F2F3D82D5B6E13F178521E0278BC
after:port-cycle-replacement	head=4702d23909a48d72c28fa44ccc51b7902d1cb35f	main=F276FE422B2609C0F1A23555876A74DF1B3EB343C6C0EB5ED4410D0176963790	checks=F3CAE694C22E61830C88A845F9A3CCB83BF1F2F3D82D5B6E13F178521E0278BC
before:expander-cut-instantiation	head=4702d23909a48d72c28fa44ccc51b7902d1cb35f	main=F276FE422B2609C0F1A23555876A74DF1B3EB343C6C0EB5ED4410D0176963790	checks=F3CAE694C22E61830C88A845F9A3CCB83BF1F2F3D82D5B6E13F178521E0278BC
after:expander-cut-instantiation	head=4702d23909a48d72c28fa44ccc51b7902d1cb35f	main=F276FE422B2609C0F1A23555876A74DF1B3EB343C6C0EB5ED4410D0176963790	checks=F3CAE694C22E61830C88A845F9A3CCB83BF1F2F3D82D5B6E13F178521E0278BC
before:fixed-port-cycle-family	head=4702d23909a48d72c28fa44ccc51b7902d1cb35f	main=F276FE422B2609C0F1A23555876A74DF1B3EB343C6C0EB5ED4410D0176963790	checks=F3CAE694C22E61830C88A845F9A3CCB83BF1F2F3D82D5B6E13F178521E0278BC
after:fixed-port-cycle-family	head=4702d23909a48d72c28fa44ccc51b7902d1cb35f	main=F276FE422B2609C0F1A23555876A74DF1B3EB343C6C0EB5ED4410D0176963790	checks=F3CAE694C22E61830C88A845F9A3CCB83BF1F2F3D82D5B6E13F178521E0278BC
before:actual-graph-edges	head=4702d23909a48d72c28fa44ccc51b7902d1cb35f	main=F276FE422B2609C0F1A23555876A74DF1B3EB343C6C0EB5ED4410D0176963790	checks=F3CAE694C22E61830C88A845F9A3CCB83BF1F2F3D82D5B6E13F178521E0278BC
after:actual-graph-edges	head=4702d23909a48d72c28fa44ccc51b7902d1cb35f	main=F276FE422B2609C0F1A23555876A74DF1B3EB343C6C0EB5ED4410D0176963790	checks=F3CAE694C22E61830C88A845F9A3CCB83BF1F2F3D82D5B6E13F178521E0278BC
before:equality-gadget	head=4702d23909a48d72c28fa44ccc51b7902d1cb35f	main=F276FE422B2609C0F1A23555876A74DF1B3EB343C6C0EB5ED4410D0176963790	checks=F3CAE694C22E61830C88A845F9A3CCB83BF1F2F3D82D5B6E13F178521E0278BC
after:equality-gadget	head=4702d23909a48d72c28fa44ccc51b7902d1cb35f	main=F276FE422B2609C0F1A23555876A74DF1B3EB343C6C0EB5ED4410D0176963790	checks=F3CAE694C22E61830C88A845F9A3CCB83BF1F2F3D82D5B6E13F178521E0278BC
before:actual-equality-cloud	head=4702d23909a48d72c28fa44ccc51b7902d1cb35f	main=F276FE422B2609C0F1A23555876A74DF1B3EB343C6C0EB5ED4410D0176963790	checks=F3CAE694C22E61830C88A845F9A3CCB83BF1F2F3D82D5B6E13F178521E0278BC
after:actual-equality-cloud	head=4702d23909a48d72c28fa44ccc51b7902d1cb35f	main=F276FE422B2609C0F1A23555876A74DF1B3EB343C6C0EB5ED4410D0176963790	checks=F3CAE694C22E61830C88A845F9A3CCB83BF1F2F3D82D5B6E13F178521E0278BC
before:actual-occurrence-allocation	head=4702d23909a48d72c28fa44ccc51b7902d1cb35f	main=F276FE422B2609C0F1A23555876A74DF1B3EB343C6C0EB5ED4410D0176963790	checks=F3CAE694C22E61830C88A845F9A3CCB83BF1F2F3D82D5B6E13F178521E0278BC
after:actual-occurrence-allocation	head=4702d23909a48d72c28fa44ccc51b7902d1cb35f	main=F276FE422B2609C0F1A23555876A74DF1B3EB343C6C0EB5ED4410D0176963790	checks=F3CAE694C22E61830C88A845F9A3CCB83BF1F2F3D82D5B6E13F178521E0278BC
before:actual-occurrence-counts	head=4702d23909a48d72c28fa44ccc51b7902d1cb35f	main=F276FE422B2609C0F1A23555876A74DF1B3EB343C6C0EB5ED4410D0176963790	checks=F3CAE694C22E61830C88A845F9A3CCB83BF1F2F3D82D5B6E13F178521E0278BC
after:actual-occurrence-counts	head=4702d23909a48d72c28fa44ccc51b7902d1cb35f	main=F276FE422B2609C0F1A23555876A74DF1B3EB343C6C0EB5ED4410D0176963790	checks=F3CAE694C22E61830C88A845F9A3CCB83BF1F2F3D82D5B6E13F178521E0278BC
before:actual-finite-3lin-source	head=4702d23909a48d72c28fa44ccc51b7902d1cb35f	main=F276FE422B2609C0F1A23555876A74DF1B3EB343C6C0EB5ED4410D0176963790	checks=F3CAE694C22E61830C88A845F9A3CCB83BF1F2F3D82D5B6E13F178521E0278BC
after:actual-finite-3lin-source	head=4702d23909a48d72c28fa44ccc51b7902d1cb35f	main=F276FE422B2609C0F1A23555876A74DF1B3EB343C6C0EB5ED4410D0176963790	checks=F3CAE694C22E61830C88A845F9A3CCB83BF1F2F3D82D5B6E13F178521E0278BC
before:actual-rhs-functional-construction	head=4702d23909a48d72c28fa44ccc51b7902d1cb35f	main=F276FE422B2609C0F1A23555876A74DF1B3EB343C6C0EB5ED4410D0176963790	checks=F3CAE694C22E61830C88A845F9A3CCB83BF1F2F3D82D5B6E13F178521E0278BC
after:actual-rhs-functional-construction	head=4702d23909a48d72c28fa44ccc51b7902d1cb35f	main=F276FE422B2609C0F1A23555876A74DF1B3EB343C6C0EB5ED4410D0176963790	checks=F3CAE694C22E61830C88A845F9A3CCB83BF1F2F3D82D5B6E13F178521E0278BC
before:actual-star-side-condition-agreement	head=4702d23909a48d72c28fa44ccc51b7902d1cb35f	main=F276FE422B2609C0F1A23555876A74DF1B3EB343C6C0EB5ED4410D0176963790	checks=F3CAE694C22E61830C88A845F9A3CCB83BF1F2F3D82D5B6E13F178521E0278BC
after:actual-star-side-condition-agreement	head=4702d23909a48d72c28fa44ccc51b7902d1cb35f	main=F276FE422B2609C0F1A23555876A74DF1B3EB343C6C0EB5ED4410D0176963790	checks=F3CAE694C22E61830C88A845F9A3CCB83BF1F2F3D82D5B6E13F178521E0278BC
before:actual-compatible-rhs-functional	head=4702d23909a48d72c28fa44ccc51b7902d1cb35f	main=F276FE422B2609C0F1A23555876A74DF1B3EB343C6C0EB5ED4410D0176963790	checks=F3CAE694C22E61830C88A845F9A3CCB83BF1F2F3D82D5B6E13F178521E0278BC
after:actual-compatible-rhs-functional	head=4702d23909a48d72c28fa44ccc51b7902d1cb35f	main=F276FE422B2609C0F1A23555876A74DF1B3EB343C6C0EB5ED4410D0176963790	checks=F3CAE694C22E61830C88A845F9A3CCB83BF1F2F3D82D5B6E13F178521E0278BC
before:submodule-functional-gluing	head=4702d23909a48d72c28fa44ccc51b7902d1cb35f	main=F276FE422B2609C0F1A23555876A74DF1B3EB343C6C0EB5ED4410D0176963790	checks=F3CAE694C22E61830C88A845F9A3CCB83BF1F2F3D82D5B6E13F178521E0278BC
after:submodule-functional-gluing	head=4702d23909a48d72c28fa44ccc51b7902d1cb35f	main=F276FE422B2609C0F1A23555876A74DF1B3EB343C6C0EB5ED4410D0176963790	checks=F3CAE694C22E61830C88A845F9A3CCB83BF1F2F3D82D5B6E13F178521E0278BC
before:actual-presented-leaf-gluing	head=4702d23909a48d72c28fa44ccc51b7902d1cb35f	main=F276FE422B2609C0F1A23555876A74DF1B3EB343C6C0EB5ED4410D0176963790	checks=F3CAE694C22E61830C88A845F9A3CCB83BF1F2F3D82D5B6E13F178521E0278BC
after:actual-presented-leaf-gluing	head=4702d23909a48d72c28fa44ccc51b7902d1cb35f	main=F276FE422B2609C0F1A23555876A74DF1B3EB343C6C0EB5ED4410D0176963790	checks=F3CAE694C22E61830C88A845F9A3CCB83BF1F2F3D82D5B6E13F178521E0278BC
before:actual-leaf-transport	head=4702d23909a48d72c28fa44ccc51b7902d1cb35f	main=F276FE422B2609C0F1A23555876A74DF1B3EB343C6C0EB5ED4410D0176963790	checks=F3CAE694C22E61830C88A845F9A3CCB83BF1F2F3D82D5B6E13F178521E0278BC
after:actual-leaf-transport	head=4702d23909a48d72c28fa44ccc51b7902d1cb35f	main=F276FE422B2609C0F1A23555876A74DF1B3EB343C6C0EB5ED4410D0176963790	checks=F3CAE694C22E61830C88A845F9A3CCB83BF1F2F3D82D5B6E13F178521E0278BC
before:actual-leaf-relation-laws	head=4702d23909a48d72c28fa44ccc51b7902d1cb35f	main=F276FE422B2609C0F1A23555876A74DF1B3EB343C6C0EB5ED4410D0176963790	checks=F3CAE694C22E61830C88A845F9A3CCB83BF1F2F3D82D5B6E13F178521E0278BC
after:actual-leaf-relation-laws	head=4702d23909a48d72c28fa44ccc51b7902d1cb35f	main=F276FE422B2609C0F1A23555876A74DF1B3EB343C6C0EB5ED4410D0176963790	checks=F3CAE694C22E61830C88A845F9A3CCB83BF1F2F3D82D5B6E13F178521E0278BC
before:actual-leaf-transport-coherence	head=4702d23909a48d72c28fa44ccc51b7902d1cb35f	main=F276FE422B2609C0F1A23555876A74DF1B3EB343C6C0EB5ED4410D0176963790	checks=F3CAE694C22E61830C88A845F9A3CCB83BF1F2F3D82D5B6E13F178521E0278BC
after:actual-leaf-transport-coherence	head=4702d23909a48d72c28fa44ccc51b7902d1cb35f	main=F276FE422B2609C0F1A23555876A74DF1B3EB343C6C0EB5ED4410D0176963790	checks=F3CAE694C22E61830C88A845F9A3CCB83BF1F2F3D82D5B6E13F178521E0278BC
before:actual-leaf-presentation-descent	head=4702d23909a48d72c28fa44ccc51b7902d1cb35f	main=F276FE422B2609C0F1A23555876A74DF1B3EB343C6C0EB5ED4410D0176963790	checks=F3CAE694C22E61830C88A845F9A3CCB83BF1F2F3D82D5B6E13F178521E0278BC
after:actual-leaf-presentation-descent	head=4702d23909a48d72c28fa44ccc51b7902d1cb35f	main=F276FE422B2609C0F1A23555876A74DF1B3EB343C6C0EB5ED4410D0176963790	checks=F3CAE694C22E61830C88A845F9A3CCB83BF1F2F3D82D5B6E13F178521E0278BC
before:actual-leaf-center-restriction	head=4702d23909a48d72c28fa44ccc51b7902d1cb35f	main=F276FE422B2609C0F1A23555876A74DF1B3EB343C6C0EB5ED4410D0176963790	checks=F3CAE694C22E61830C88A845F9A3CCB83BF1F2F3D82D5B6E13F178521E0278BC
after:actual-leaf-center-restriction	head=4702d23909a48d72c28fa44ccc51b7902d1cb35f	main=F276FE422B2609C0F1A23555876A74DF1B3EB343C6C0EB5ED4410D0176963790	checks=F3CAE694C22E61830C88A845F9A3CCB83BF1F2F3D82D5B6E13F178521E0278BC
before:main-1	head=4702d23909a48d72c28fa44ccc51b7902d1cb35f	main=F276FE422B2609C0F1A23555876A74DF1B3EB343C6C0EB5ED4410D0176963790	checks=F3CAE694C22E61830C88A845F9A3CCB83BF1F2F3D82D5B6E13F178521E0278BC
after:main-1	head=4702d23909a48d72c28fa44ccc51b7902d1cb35f	main=F276FE422B2609C0F1A23555876A74DF1B3EB343C6C0EB5ED4410D0176963790	checks=F3CAE694C22E61830C88A845F9A3CCB83BF1F2F3D82D5B6E13F178521E0278BC
before:main-2	head=4702d23909a48d72c28fa44ccc51b7902d1cb35f	main=F276FE422B2609C0F1A23555876A74DF1B3EB343C6C0EB5ED4410D0176963790	checks=F3CAE694C22E61830C88A845F9A3CCB83BF1F2F3D82D5B6E13F178521E0278BC
after:main-2	head=4702d23909a48d72c28fa44ccc51b7902d1cb35f	main=F276FE422B2609C0F1A23555876A74DF1B3EB343C6C0EB5ED4410D0176963790	checks=F3CAE694C22E61830C88A845F9A3CCB83BF1F2F3D82D5B6E13F178521E0278BC
before:checks-1	head=4702d23909a48d72c28fa44ccc51b7902d1cb35f	main=F276FE422B2609C0F1A23555876A74DF1B3EB343C6C0EB5ED4410D0176963790	checks=F3CAE694C22E61830C88A845F9A3CCB83BF1F2F3D82D5B6E13F178521E0278BC
after:checks-1	head=4702d23909a48d72c28fa44ccc51b7902d1cb35f	main=F276FE422B2609C0F1A23555876A74DF1B3EB343C6C0EB5ED4410D0176963790	checks=F3CAE694C22E61830C88A845F9A3CCB83BF1F2F3D82D5B6E13F178521E0278BC
before:checks-2	head=4702d23909a48d72c28fa44ccc51b7902d1cb35f	main=F276FE422B2609C0F1A23555876A74DF1B3EB343C6C0EB5ED4410D0176963790	checks=F3CAE694C22E61830C88A845F9A3CCB83BF1F2F3D82D5B6E13F178521E0278BC
after:checks-2	head=4702d23909a48d72c28fa44ccc51b7902d1cb35f	main=F276FE422B2609C0F1A23555876A74DF1B3EB343C6C0EB5ED4410D0176963790	checks=F3CAE694C22E61830C88A845F9A3CCB83BF1F2F3D82D5B6E13F178521E0278BC
final	head=4702d23909a48d72c28fa44ccc51b7902d1cb35f	main=F276FE422B2609C0F1A23555876A74DF1B3EB343C6C0EB5ED4410D0176963790	checks=F3CAE694C22E61830C88A845F9A3CCB83BF1F2F3D82D5B6E13F178521E0278BC
finalize-before	head=4702d23909a48d72c28fa44ccc51b7902d1cb35f	main=F276FE422B2609C0F1A23555876A74DF1B3EB343C6C0EB5ED4410D0176963790	checks=F3CAE694C22E61830C88A845F9A3CCB83BF1F2F3D82D5B6E13F178521E0278BC
finalize-after	head=4702d23909a48d72c28fa44ccc51b7902d1cb35f	main=F276FE422B2609C0F1A23555876A74DF1B3EB343C6C0EB5ED4410D0176963790	checks=F3CAE694C22E61830C88A845F9A3CCB83BF1F2F3D82D5B6E13F178521E0278BC
