initial	head=5606cd972f47575fe592945bcd4d47c0dcc5d3f2	main=1186473CFA3CD659FAECFD14B555C91890FCF39D5C10E1E601CA5CBE642BC7A5	checks=ED0E8DA930DFA90DE081F24A8F656093A3918EA3ACF5DDC393470FED885FE585
before:actual-star-question-support	head=5606cd972f47575fe592945bcd4d47c0dcc5d3f2	main=1186473CFA3CD659FAECFD14B555C91890FCF39D5C10E1E601CA5CBE642BC7A5	checks=ED0E8DA930DFA90DE081F24A8F656093A3918EA3ACF5DDC393470FED885FE585
after:actual-star-question-support	head=5606cd972f47575fe592945bcd4d47c0dcc5d3f2	main=1186473CFA3CD659FAECFD14B555C91890FCF39D5C10E1E601CA5CBE642BC7A5	checks=ED0E8DA930DFA90DE081F24A8F656093A3918EA3ACF5DDC393470FED885FE585
before:actual-star-span-intersection	head=5606cd972f47575fe592945bcd4d47c0dcc5d3f2	main=1186473CFA3CD659FAECFD14B555C91890FCF39D5C10E1E601CA5CBE642BC7A5	checks=ED0E8DA930DFA90DE081F24A8F656093A3918EA3ACF5DDC393470FED885FE585
after:actual-star-span-intersection	head=5606cd972f47575fe592945bcd4d47c0dcc5d3f2	main=1186473CFA3CD659FAECFD14B555C91890FCF39D5C10E1E601CA5CBE642BC7A5	checks=ED0E8DA930DFA90DE081F24A8F656093A3918EA3ACF5DDC393470FED885FE585
before:port-cycle-replacement	head=5606cd972f47575fe592945bcd4d47c0dcc5d3f2	main=1186473CFA3CD659FAECFD14B555C91890FCF39D5C10E1E601CA5CBE642BC7A5	checks=ED0E8DA930DFA90DE081F24A8F656093A3918EA3ACF5DDC393470FED885FE585
after:port-cycle-replacement	head=5606cd972f47575fe592945bcd4d47c0dcc5d3f2	main=1186473CFA3CD659FAECFD14B555C91890FCF39D5C10E1E601CA5CBE642BC7A5	checks=ED0E8DA930DFA90DE081F24A8F656093A3918EA3ACF5DDC393470FED885FE585
before:expander-cut-instantiation	head=5606cd972f47575fe592945bcd4d47c0dcc5d3f2	main=1186473CFA3CD659FAECFD14B555C91890FCF39D5C10E1E601CA5CBE642BC7A5	checks=ED0E8DA930DFA90DE081F24A8F656093A3918EA3ACF5DDC393470FED885FE585
after:expander-cut-instantiation	head=5606cd972f47575fe592945bcd4d47c0dcc5d3f2	main=1186473CFA3CD659FAECFD14B555C91890FCF39D5C10E1E601CA5CBE642BC7A5	checks=ED0E8DA930DFA90DE081F24A8F656093A3918EA3ACF5DDC393470FED885FE585
before:fixed-port-cycle-family	head=5606cd972f47575fe592945bcd4d47c0dcc5d3f2	main=1186473CFA3CD659FAECFD14B555C91890FCF39D5C10E1E601CA5CBE642BC7A5	checks=ED0E8DA930DFA90DE081F24A8F656093A3918EA3ACF5DDC393470FED885FE585
after:fixed-port-cycle-family	head=5606cd972f47575fe592945bcd4d47c0dcc5d3f2	main=1186473CFA3CD659FAECFD14B555C91890FCF39D5C10E1E601CA5CBE642BC7A5	checks=ED0E8DA930DFA90DE081F24A8F656093A3918EA3ACF5DDC393470FED885FE585
before:actual-graph-edges	head=5606cd972f47575fe592945bcd4d47c0dcc5d3f2	main=1186473CFA3CD659FAECFD14B555C91890FCF39D5C10E1E601CA5CBE642BC7A5	checks=ED0E8DA930DFA90DE081F24A8F656093A3918EA3ACF5DDC393470FED885FE585
after:actual-graph-edges	head=5606cd972f47575fe592945bcd4d47c0dcc5d3f2	main=1186473CFA3CD659FAECFD14B555C91890FCF39D5C10E1E601CA5CBE642BC7A5	checks=ED0E8DA930DFA90DE081F24A8F656093A3918EA3ACF5DDC393470FED885FE585
before:equality-gadget	head=5606cd972f47575fe592945bcd4d47c0dcc5d3f2	main=1186473CFA3CD659FAECFD14B555C91890FCF39D5C10E1E601CA5CBE642BC7A5	checks=ED0E8DA930DFA90DE081F24A8F656093A3918EA3ACF5DDC393470FED885FE585
after:equality-gadget	head=5606cd972f47575fe592945bcd4d47c0dcc5d3f2	main=1186473CFA3CD659FAECFD14B555C91890FCF39D5C10E1E601CA5CBE642BC7A5	checks=ED0E8DA930DFA90DE081F24A8F656093A3918EA3ACF5DDC393470FED885FE585
before:actual-equality-cloud	head=5606cd972f47575fe592945bcd4d47c0dcc5d3f2	main=1186473CFA3CD659FAECFD14B555C91890FCF39D5C10E1E601CA5CBE642BC7A5	checks=ED0E8DA930DFA90DE081F24A8F656093A3918EA3ACF5DDC393470FED885FE585
after:actual-equality-cloud	head=5606cd972f47575fe592945bcd4d47c0dcc5d3f2	main=1186473CFA3CD659FAECFD14B555C91890FCF39D5C10E1E601CA5CBE642BC7A5	checks=ED0E8DA930DFA90DE081F24A8F656093A3918EA3ACF5DDC393470FED885FE585
before:actual-occurrence-allocation	head=5606cd972f47575fe592945bcd4d47c0dcc5d3f2	main=1186473CFA3CD659FAECFD14B555C91890FCF39D5C10E1E601CA5CBE642BC7A5	checks=ED0E8DA930DFA90DE081F24A8F656093A3918EA3ACF5DDC393470FED885FE585
after:actual-occurrence-allocation	head=5606cd972f47575fe592945bcd4d47c0dcc5d3f2	main=1186473CFA3CD659FAECFD14B555C91890FCF39D5C10E1E601CA5CBE642BC7A5	checks=ED0E8DA930DFA90DE081F24A8F656093A3918EA3ACF5DDC393470FED885FE585
before:actual-occurrence-counts	head=5606cd972f47575fe592945bcd4d47c0dcc5d3f2	main=1186473CFA3CD659FAECFD14B555C91890FCF39D5C10E1E601CA5CBE642BC7A5	checks=ED0E8DA930DFA90DE081F24A8F656093A3918EA3ACF5DDC393470FED885FE585
after:actual-occurrence-counts	head=5606cd972f47575fe592945bcd4d47c0dcc5d3f2	main=1186473CFA3CD659FAECFD14B555C91890FCF39D5C10E1E601CA5CBE642BC7A5	checks=ED0E8DA930DFA90DE081F24A8F656093A3918EA3ACF5DDC393470FED885FE585
before:actual-finite-3lin-source	head=5606cd972f47575fe592945bcd4d47c0dcc5d3f2	main=1186473CFA3CD659FAECFD14B555C91890FCF39D5C10E1E601CA5CBE642BC7A5	checks=ED0E8DA930DFA90DE081F24A8F656093A3918EA3ACF5DDC393470FED885FE585
after:actual-finite-3lin-source	head=5606cd972f47575fe592945bcd4d47c0dcc5d3f2	main=1186473CFA3CD659FAECFD14B555C91890FCF39D5C10E1E601CA5CBE642BC7A5	checks=ED0E8DA930DFA90DE081F24A8F656093A3918EA3ACF5DDC393470FED885FE585
before:actual-rhs-functional-construction	head=5606cd972f47575fe592945bcd4d47c0dcc5d3f2	main=1186473CFA3CD659FAECFD14B555C91890FCF39D5C10E1E601CA5CBE642BC7A5	checks=ED0E8DA930DFA90DE081F24A8F656093A3918EA3ACF5DDC393470FED885FE585
after:actual-rhs-functional-construction	head=5606cd972f47575fe592945bcd4d47c0dcc5d3f2	main=1186473CFA3CD659FAECFD14B555C91890FCF39D5C10E1E601CA5CBE642BC7A5	checks=ED0E8DA930DFA90DE081F24A8F656093A3918EA3ACF5DDC393470FED885FE585
before:actual-star-side-condition-agreement	head=5606cd972f47575fe592945bcd4d47c0dcc5d3f2	main=1186473CFA3CD659FAECFD14B555C91890FCF39D5C10E1E601CA5CBE642BC7A5	checks=ED0E8DA930DFA90DE081F24A8F656093A3918EA3ACF5DDC393470FED885FE585
after:actual-star-side-condition-agreement	head=5606cd972f47575fe592945bcd4d47c0dcc5d3f2	main=1186473CFA3CD659FAECFD14B555C91890FCF39D5C10E1E601CA5CBE642BC7A5	checks=ED0E8DA930DFA90DE081F24A8F656093A3918EA3ACF5DDC393470FED885FE585
before:actual-compatible-rhs-functional	head=5606cd972f47575fe592945bcd4d47c0dcc5d3f2	main=1186473CFA3CD659FAECFD14B555C91890FCF39D5C10E1E601CA5CBE642BC7A5	checks=ED0E8DA930DFA90DE081F24A8F656093A3918EA3ACF5DDC393470FED885FE585
after:actual-compatible-rhs-functional	head=5606cd972f47575fe592945bcd4d47c0dcc5d3f2	main=1186473CFA3CD659FAECFD14B555C91890FCF39D5C10E1E601CA5CBE642BC7A5	checks=ED0E8DA930DFA90DE081F24A8F656093A3918EA3ACF5DDC393470FED885FE585
before:submodule-functional-gluing	head=5606cd972f47575fe592945bcd4d47c0dcc5d3f2	main=1186473CFA3CD659FAECFD14B555C91890FCF39D5C10E1E601CA5CBE642BC7A5	checks=ED0E8DA930DFA90DE081F24A8F656093A3918EA3ACF5DDC393470FED885FE585
after:submodule-functional-gluing	head=5606cd972f47575fe592945bcd4d47c0dcc5d3f2	main=1186473CFA3CD659FAECFD14B555C91890FCF39D5C10E1E601CA5CBE642BC7A5	checks=ED0E8DA930DFA90DE081F24A8F656093A3918EA3ACF5DDC393470FED885FE585
before:actual-presented-leaf-gluing	head=5606cd972f47575fe592945bcd4d47c0dcc5d3f2	main=1186473CFA3CD659FAECFD14B555C91890FCF39D5C10E1E601CA5CBE642BC7A5	checks=ED0E8DA930DFA90DE081F24A8F656093A3918EA3ACF5DDC393470FED885FE585
after:actual-presented-leaf-gluing	head=5606cd972f47575fe592945bcd4d47c0dcc5d3f2	main=1186473CFA3CD659FAECFD14B555C91890FCF39D5C10E1E601CA5CBE642BC7A5	checks=ED0E8DA930DFA90DE081F24A8F656093A3918EA3ACF5DDC393470FED885FE585
before:actual-leaf-transport	head=5606cd972f47575fe592945bcd4d47c0dcc5d3f2	main=1186473CFA3CD659FAECFD14B555C91890FCF39D5C10E1E601CA5CBE642BC7A5	checks=ED0E8DA930DFA90DE081F24A8F656093A3918EA3ACF5DDC393470FED885FE585
after:actual-leaf-transport	head=5606cd972f47575fe592945bcd4d47c0dcc5d3f2	main=1186473CFA3CD659FAECFD14B555C91890FCF39D5C10E1E601CA5CBE642BC7A5	checks=ED0E8DA930DFA90DE081F24A8F656093A3918EA3ACF5DDC393470FED885FE585
before:actual-leaf-relation-laws	head=5606cd972f47575fe592945bcd4d47c0dcc5d3f2	main=1186473CFA3CD659FAECFD14B555C91890FCF39D5C10E1E601CA5CBE642BC7A5	checks=ED0E8DA930DFA90DE081F24A8F656093A3918EA3ACF5DDC393470FED885FE585
after:actual-leaf-relation-laws	head=5606cd972f47575fe592945bcd4d47c0dcc5d3f2	main=1186473CFA3CD659FAECFD14B555C91890FCF39D5C10E1E601CA5CBE642BC7A5	checks=ED0E8DA930DFA90DE081F24A8F656093A3918EA3ACF5DDC393470FED885FE585
before:actual-leaf-transport-coherence	head=5606cd972f47575fe592945bcd4d47c0dcc5d3f2	main=1186473CFA3CD659FAECFD14B555C91890FCF39D5C10E1E601CA5CBE642BC7A5	checks=ED0E8DA930DFA90DE081F24A8F656093A3918EA3ACF5DDC393470FED885FE585
after:actual-leaf-transport-coherence	head=5606cd972f47575fe592945bcd4d47c0dcc5d3f2	main=1186473CFA3CD659FAECFD14B555C91890FCF39D5C10E1E601CA5CBE642BC7A5	checks=ED0E8DA930DFA90DE081F24A8F656093A3918EA3ACF5DDC393470FED885FE585
before:actual-leaf-presentation-descent	head=5606cd972f47575fe592945bcd4d47c0dcc5d3f2	main=1186473CFA3CD659FAECFD14B555C91890FCF39D5C10E1E601CA5CBE642BC7A5	checks=ED0E8DA930DFA90DE081F24A8F656093A3918EA3ACF5DDC393470FED885FE585
after:actual-leaf-presentation-descent	head=5606cd972f47575fe592945bcd4d47c0dcc5d3f2	main=1186473CFA3CD659FAECFD14B555C91890FCF39D5C10E1E601CA5CBE642BC7A5	checks=ED0E8DA930DFA90DE081F24A8F656093A3918EA3ACF5DDC393470FED885FE585
before:actual-leaf-center-restriction	head=5606cd972f47575fe592945bcd4d47c0dcc5d3f2	main=1186473CFA3CD659FAECFD14B555C91890FCF39D5C10E1E601CA5CBE642BC7A5	checks=ED0E8DA930DFA90DE081F24A8F656093A3918EA3ACF5DDC393470FED885FE585
after:actual-leaf-center-restriction	head=5606cd972f47575fe592945bcd4d47c0dcc5d3f2	main=1186473CFA3CD659FAECFD14B555C91890FCF39D5C10E1E601CA5CBE642BC7A5	checks=ED0E8DA930DFA90DE081F24A8F656093A3918EA3ACF5DDC393470FED885FE585
before:actual-leaf-representative-sampler	head=5606cd972f47575fe592945bcd4d47c0dcc5d3f2	main=1186473CFA3CD659FAECFD14B555C91890FCF39D5C10E1E601CA5CBE642BC7A5	checks=ED0E8DA930DFA90DE081F24A8F656093A3918EA3ACF5DDC393470FED885FE585
after:actual-leaf-representative-sampler	head=5606cd972f47575fe592945bcd4d47c0dcc5d3f2	main=1186473CFA3CD659FAECFD14B555C91890FCF39D5C10E1E601CA5CBE642BC7A5	checks=ED0E8DA930DFA90DE081F24A8F656093A3918EA3ACF5DDC393470FED885FE585
before:actual-leaf-rejection-union	head=5606cd972f47575fe592945bcd4d47c0dcc5d3f2	main=1186473CFA3CD659FAECFD14B555C91890FCF39D5C10E1E601CA5CBE642BC7A5	checks=ED0E8DA930DFA90DE081F24A8F656093A3918EA3ACF5DDC393470FED885FE585
after:actual-leaf-rejection-union	head=5606cd972f47575fe592945bcd4d47c0dcc5d3f2	main=1186473CFA3CD659FAECFD14B555C91890FCF39D5C10E1E601CA5CBE642BC7A5	checks=ED0E8DA930DFA90DE081F24A8F656093A3918EA3ACF5DDC393470FED885FE585
before:actual-leaf-rejection-union-checks	head=5606cd972f47575fe592945bcd4d47c0dcc5d3f2	main=1186473CFA3CD659FAECFD14B555C91890FCF39D5C10E1E601CA5CBE642BC7A5	checks=ED0E8DA930DFA90DE081F24A8F656093A3918EA3ACF5DDC393470FED885FE585
after:actual-leaf-rejection-union-checks	head=5606cd972f47575fe592945bcd4d47c0dcc5d3f2	main=1186473CFA3CD659FAECFD14B555C91890FCF39D5C10E1E601CA5CBE642BC7A5	checks=ED0E8DA930DFA90DE081F24A8F656093A3918EA3ACF5DDC393470FED885FE585
before:main-1	head=5606cd972f47575fe592945bcd4d47c0dcc5d3f2	main=1186473CFA3CD659FAECFD14B555C91890FCF39D5C10E1E601CA5CBE642BC7A5	checks=ED0E8DA930DFA90DE081F24A8F656093A3918EA3ACF5DDC393470FED885FE585
after:main-1	head=5606cd972f47575fe592945bcd4d47c0dcc5d3f2	main=1186473CFA3CD659FAECFD14B555C91890FCF39D5C10E1E601CA5CBE642BC7A5	checks=ED0E8DA930DFA90DE081F24A8F656093A3918EA3ACF5DDC393470FED885FE585
before:main-2	head=5606cd972f47575fe592945bcd4d47c0dcc5d3f2	main=1186473CFA3CD659FAECFD14B555C91890FCF39D5C10E1E601CA5CBE642BC7A5	checks=ED0E8DA930DFA90DE081F24A8F656093A3918EA3ACF5DDC393470FED885FE585
after:main-2	head=5606cd972f47575fe592945bcd4d47c0dcc5d3f2	main=1186473CFA3CD659FAECFD14B555C91890FCF39D5C10E1E601CA5CBE642BC7A5	checks=ED0E8DA930DFA90DE081F24A8F656093A3918EA3ACF5DDC393470FED885FE585
before:checks-1	head=5606cd972f47575fe592945bcd4d47c0dcc5d3f2	main=1186473CFA3CD659FAECFD14B555C91890FCF39D5C10E1E601CA5CBE642BC7A5	checks=ED0E8DA930DFA90DE081F24A8F656093A3918EA3ACF5DDC393470FED885FE585
after:checks-1	head=5606cd972f47575fe592945bcd4d47c0dcc5d3f2	main=1186473CFA3CD659FAECFD14B555C91890FCF39D5C10E1E601CA5CBE642BC7A5	checks=ED0E8DA930DFA90DE081F24A8F656093A3918EA3ACF5DDC393470FED885FE585
before:checks-2	head=5606cd972f47575fe592945bcd4d47c0dcc5d3f2	main=1186473CFA3CD659FAECFD14B555C91890FCF39D5C10E1E601CA5CBE642BC7A5	checks=ED0E8DA930DFA90DE081F24A8F656093A3918EA3ACF5DDC393470FED885FE585
after:checks-2	head=5606cd972f47575fe592945bcd4d47c0dcc5d3f2	main=1186473CFA3CD659FAECFD14B555C91890FCF39D5C10E1E601CA5CBE642BC7A5	checks=ED0E8DA930DFA90DE081F24A8F656093A3918EA3ACF5DDC393470FED885FE585
final	head=5606cd972f47575fe592945bcd4d47c0dcc5d3f2	main=1186473CFA3CD659FAECFD14B555C91890FCF39D5C10E1E601CA5CBE642BC7A5	checks=ED0E8DA930DFA90DE081F24A8F656093A3918EA3ACF5DDC393470FED885FE585
finalize-before	head=5606cd972f47575fe592945bcd4d47c0dcc5d3f2	main=1186473CFA3CD659FAECFD14B555C91890FCF39D5C10E1E601CA5CBE642BC7A5	checks=ED0E8DA930DFA90DE081F24A8F656093A3918EA3ACF5DDC393470FED885FE585
finalize-after	head=5606cd972f47575fe592945bcd4d47c0dcc5d3f2	main=1186473CFA3CD659FAECFD14B555C91890FCF39D5C10E1E601CA5CBE642BC7A5	checks=ED0E8DA930DFA90DE081F24A8F656093A3918EA3ACF5DDC393470FED885FE585
