initial	head=37dae5120b9da738216a12845c0ed9e594d8f264	main=999A3183F0AC58101811315DAE42A010AF0BB41B1C78286BDEF708D285033F83	checks=15F4924E325D863531F83414759FB7F910349159159064EE2522D07F53C1AB86
before:actual-star-question-support	head=37dae5120b9da738216a12845c0ed9e594d8f264	main=999A3183F0AC58101811315DAE42A010AF0BB41B1C78286BDEF708D285033F83	checks=15F4924E325D863531F83414759FB7F910349159159064EE2522D07F53C1AB86
after:actual-star-question-support	head=37dae5120b9da738216a12845c0ed9e594d8f264	main=999A3183F0AC58101811315DAE42A010AF0BB41B1C78286BDEF708D285033F83	checks=15F4924E325D863531F83414759FB7F910349159159064EE2522D07F53C1AB86
before:actual-star-span-intersection	head=37dae5120b9da738216a12845c0ed9e594d8f264	main=999A3183F0AC58101811315DAE42A010AF0BB41B1C78286BDEF708D285033F83	checks=15F4924E325D863531F83414759FB7F910349159159064EE2522D07F53C1AB86
after:actual-star-span-intersection	head=37dae5120b9da738216a12845c0ed9e594d8f264	main=999A3183F0AC58101811315DAE42A010AF0BB41B1C78286BDEF708D285033F83	checks=15F4924E325D863531F83414759FB7F910349159159064EE2522D07F53C1AB86
before:port-cycle-replacement	head=37dae5120b9da738216a12845c0ed9e594d8f264	main=999A3183F0AC58101811315DAE42A010AF0BB41B1C78286BDEF708D285033F83	checks=15F4924E325D863531F83414759FB7F910349159159064EE2522D07F53C1AB86
after:port-cycle-replacement	head=37dae5120b9da738216a12845c0ed9e594d8f264	main=999A3183F0AC58101811315DAE42A010AF0BB41B1C78286BDEF708D285033F83	checks=15F4924E325D863531F83414759FB7F910349159159064EE2522D07F53C1AB86
before:expander-cut-instantiation	head=37dae5120b9da738216a12845c0ed9e594d8f264	main=999A3183F0AC58101811315DAE42A010AF0BB41B1C78286BDEF708D285033F83	checks=15F4924E325D863531F83414759FB7F910349159159064EE2522D07F53C1AB86
after:expander-cut-instantiation	head=37dae5120b9da738216a12845c0ed9e594d8f264	main=999A3183F0AC58101811315DAE42A010AF0BB41B1C78286BDEF708D285033F83	checks=15F4924E325D863531F83414759FB7F910349159159064EE2522D07F53C1AB86
before:fixed-port-cycle-family	head=37dae5120b9da738216a12845c0ed9e594d8f264	main=999A3183F0AC58101811315DAE42A010AF0BB41B1C78286BDEF708D285033F83	checks=15F4924E325D863531F83414759FB7F910349159159064EE2522D07F53C1AB86
after:fixed-port-cycle-family	head=37dae5120b9da738216a12845c0ed9e594d8f264	main=999A3183F0AC58101811315DAE42A010AF0BB41B1C78286BDEF708D285033F83	checks=15F4924E325D863531F83414759FB7F910349159159064EE2522D07F53C1AB86
before:actual-graph-edges	head=37dae5120b9da738216a12845c0ed9e594d8f264	main=999A3183F0AC58101811315DAE42A010AF0BB41B1C78286BDEF708D285033F83	checks=15F4924E325D863531F83414759FB7F910349159159064EE2522D07F53C1AB86
after:actual-graph-edges	head=37dae5120b9da738216a12845c0ed9e594d8f264	main=999A3183F0AC58101811315DAE42A010AF0BB41B1C78286BDEF708D285033F83	checks=15F4924E325D863531F83414759FB7F910349159159064EE2522D07F53C1AB86
before:equality-gadget	head=37dae5120b9da738216a12845c0ed9e594d8f264	main=999A3183F0AC58101811315DAE42A010AF0BB41B1C78286BDEF708D285033F83	checks=15F4924E325D863531F83414759FB7F910349159159064EE2522D07F53C1AB86
after:equality-gadget	head=37dae5120b9da738216a12845c0ed9e594d8f264	main=999A3183F0AC58101811315DAE42A010AF0BB41B1C78286BDEF708D285033F83	checks=15F4924E325D863531F83414759FB7F910349159159064EE2522D07F53C1AB86
before:actual-equality-cloud	head=37dae5120b9da738216a12845c0ed9e594d8f264	main=999A3183F0AC58101811315DAE42A010AF0BB41B1C78286BDEF708D285033F83	checks=15F4924E325D863531F83414759FB7F910349159159064EE2522D07F53C1AB86
after:actual-equality-cloud	head=37dae5120b9da738216a12845c0ed9e594d8f264	main=999A3183F0AC58101811315DAE42A010AF0BB41B1C78286BDEF708D285033F83	checks=15F4924E325D863531F83414759FB7F910349159159064EE2522D07F53C1AB86
before:actual-occurrence-allocation	head=37dae5120b9da738216a12845c0ed9e594d8f264	main=999A3183F0AC58101811315DAE42A010AF0BB41B1C78286BDEF708D285033F83	checks=15F4924E325D863531F83414759FB7F910349159159064EE2522D07F53C1AB86
after:actual-occurrence-allocation	head=37dae5120b9da738216a12845c0ed9e594d8f264	main=999A3183F0AC58101811315DAE42A010AF0BB41B1C78286BDEF708D285033F83	checks=15F4924E325D863531F83414759FB7F910349159159064EE2522D07F53C1AB86
before:actual-occurrence-counts	head=37dae5120b9da738216a12845c0ed9e594d8f264	main=999A3183F0AC58101811315DAE42A010AF0BB41B1C78286BDEF708D285033F83	checks=15F4924E325D863531F83414759FB7F910349159159064EE2522D07F53C1AB86
after:actual-occurrence-counts	head=37dae5120b9da738216a12845c0ed9e594d8f264	main=999A3183F0AC58101811315DAE42A010AF0BB41B1C78286BDEF708D285033F83	checks=15F4924E325D863531F83414759FB7F910349159159064EE2522D07F53C1AB86
before:actual-finite-3lin-source	head=37dae5120b9da738216a12845c0ed9e594d8f264	main=999A3183F0AC58101811315DAE42A010AF0BB41B1C78286BDEF708D285033F83	checks=15F4924E325D863531F83414759FB7F910349159159064EE2522D07F53C1AB86
after:actual-finite-3lin-source	head=37dae5120b9da738216a12845c0ed9e594d8f264	main=999A3183F0AC58101811315DAE42A010AF0BB41B1C78286BDEF708D285033F83	checks=15F4924E325D863531F83414759FB7F910349159159064EE2522D07F53C1AB86
before:actual-rhs-functional-construction	head=37dae5120b9da738216a12845c0ed9e594d8f264	main=999A3183F0AC58101811315DAE42A010AF0BB41B1C78286BDEF708D285033F83	checks=15F4924E325D863531F83414759FB7F910349159159064EE2522D07F53C1AB86
after:actual-rhs-functional-construction	head=37dae5120b9da738216a12845c0ed9e594d8f264	main=999A3183F0AC58101811315DAE42A010AF0BB41B1C78286BDEF708D285033F83	checks=15F4924E325D863531F83414759FB7F910349159159064EE2522D07F53C1AB86
before:actual-star-side-condition-agreement	head=37dae5120b9da738216a12845c0ed9e594d8f264	main=999A3183F0AC58101811315DAE42A010AF0BB41B1C78286BDEF708D285033F83	checks=15F4924E325D863531F83414759FB7F910349159159064EE2522D07F53C1AB86
after:actual-star-side-condition-agreement	head=37dae5120b9da738216a12845c0ed9e594d8f264	main=999A3183F0AC58101811315DAE42A010AF0BB41B1C78286BDEF708D285033F83	checks=15F4924E325D863531F83414759FB7F910349159159064EE2522D07F53C1AB86
before:actual-compatible-rhs-functional	head=37dae5120b9da738216a12845c0ed9e594d8f264	main=999A3183F0AC58101811315DAE42A010AF0BB41B1C78286BDEF708D285033F83	checks=15F4924E325D863531F83414759FB7F910349159159064EE2522D07F53C1AB86
after:actual-compatible-rhs-functional	head=37dae5120b9da738216a12845c0ed9e594d8f264	main=999A3183F0AC58101811315DAE42A010AF0BB41B1C78286BDEF708D285033F83	checks=15F4924E325D863531F83414759FB7F910349159159064EE2522D07F53C1AB86
before:submodule-functional-gluing	head=37dae5120b9da738216a12845c0ed9e594d8f264	main=999A3183F0AC58101811315DAE42A010AF0BB41B1C78286BDEF708D285033F83	checks=15F4924E325D863531F83414759FB7F910349159159064EE2522D07F53C1AB86
after:submodule-functional-gluing	head=37dae5120b9da738216a12845c0ed9e594d8f264	main=999A3183F0AC58101811315DAE42A010AF0BB41B1C78286BDEF708D285033F83	checks=15F4924E325D863531F83414759FB7F910349159159064EE2522D07F53C1AB86
before:actual-presented-leaf-gluing	head=37dae5120b9da738216a12845c0ed9e594d8f264	main=999A3183F0AC58101811315DAE42A010AF0BB41B1C78286BDEF708D285033F83	checks=15F4924E325D863531F83414759FB7F910349159159064EE2522D07F53C1AB86
after:actual-presented-leaf-gluing	head=37dae5120b9da738216a12845c0ed9e594d8f264	main=999A3183F0AC58101811315DAE42A010AF0BB41B1C78286BDEF708D285033F83	checks=15F4924E325D863531F83414759FB7F910349159159064EE2522D07F53C1AB86
before:actual-leaf-transport	head=37dae5120b9da738216a12845c0ed9e594d8f264	main=999A3183F0AC58101811315DAE42A010AF0BB41B1C78286BDEF708D285033F83	checks=15F4924E325D863531F83414759FB7F910349159159064EE2522D07F53C1AB86
after:actual-leaf-transport	head=37dae5120b9da738216a12845c0ed9e594d8f264	main=999A3183F0AC58101811315DAE42A010AF0BB41B1C78286BDEF708D285033F83	checks=15F4924E325D863531F83414759FB7F910349159159064EE2522D07F53C1AB86
before:actual-leaf-relation-laws	head=37dae5120b9da738216a12845c0ed9e594d8f264	main=999A3183F0AC58101811315DAE42A010AF0BB41B1C78286BDEF708D285033F83	checks=15F4924E325D863531F83414759FB7F910349159159064EE2522D07F53C1AB86
after:actual-leaf-relation-laws	head=37dae5120b9da738216a12845c0ed9e594d8f264	main=999A3183F0AC58101811315DAE42A010AF0BB41B1C78286BDEF708D285033F83	checks=15F4924E325D863531F83414759FB7F910349159159064EE2522D07F53C1AB86
before:actual-leaf-transport-coherence	head=37dae5120b9da738216a12845c0ed9e594d8f264	main=999A3183F0AC58101811315DAE42A010AF0BB41B1C78286BDEF708D285033F83	checks=15F4924E325D863531F83414759FB7F910349159159064EE2522D07F53C1AB86
after:actual-leaf-transport-coherence	head=37dae5120b9da738216a12845c0ed9e594d8f264	main=999A3183F0AC58101811315DAE42A010AF0BB41B1C78286BDEF708D285033F83	checks=15F4924E325D863531F83414759FB7F910349159159064EE2522D07F53C1AB86
before:actual-leaf-presentation-descent	head=37dae5120b9da738216a12845c0ed9e594d8f264	main=999A3183F0AC58101811315DAE42A010AF0BB41B1C78286BDEF708D285033F83	checks=15F4924E325D863531F83414759FB7F910349159159064EE2522D07F53C1AB86
after:actual-leaf-presentation-descent	head=37dae5120b9da738216a12845c0ed9e594d8f264	main=999A3183F0AC58101811315DAE42A010AF0BB41B1C78286BDEF708D285033F83	checks=15F4924E325D863531F83414759FB7F910349159159064EE2522D07F53C1AB86
before:actual-leaf-center-restriction	head=37dae5120b9da738216a12845c0ed9e594d8f264	main=999A3183F0AC58101811315DAE42A010AF0BB41B1C78286BDEF708D285033F83	checks=15F4924E325D863531F83414759FB7F910349159159064EE2522D07F53C1AB86
after:actual-leaf-center-restriction	head=37dae5120b9da738216a12845c0ed9e594d8f264	main=999A3183F0AC58101811315DAE42A010AF0BB41B1C78286BDEF708D285033F83	checks=15F4924E325D863531F83414759FB7F910349159159064EE2522D07F53C1AB86
before:actual-leaf-representative-sampler	head=37dae5120b9da738216a12845c0ed9e594d8f264	main=999A3183F0AC58101811315DAE42A010AF0BB41B1C78286BDEF708D285033F83	checks=15F4924E325D863531F83414759FB7F910349159159064EE2522D07F53C1AB86
after:actual-leaf-representative-sampler	head=37dae5120b9da738216a12845c0ed9e594d8f264	main=999A3183F0AC58101811315DAE42A010AF0BB41B1C78286BDEF708D285033F83	checks=15F4924E325D863531F83414759FB7F910349159159064EE2522D07F53C1AB86
before:main-1	head=37dae5120b9da738216a12845c0ed9e594d8f264	main=999A3183F0AC58101811315DAE42A010AF0BB41B1C78286BDEF708D285033F83	checks=15F4924E325D863531F83414759FB7F910349159159064EE2522D07F53C1AB86
after:main-1	head=37dae5120b9da738216a12845c0ed9e594d8f264	main=999A3183F0AC58101811315DAE42A010AF0BB41B1C78286BDEF708D285033F83	checks=15F4924E325D863531F83414759FB7F910349159159064EE2522D07F53C1AB86
before:main-2	head=37dae5120b9da738216a12845c0ed9e594d8f264	main=999A3183F0AC58101811315DAE42A010AF0BB41B1C78286BDEF708D285033F83	checks=15F4924E325D863531F83414759FB7F910349159159064EE2522D07F53C1AB86
after:main-2	head=37dae5120b9da738216a12845c0ed9e594d8f264	main=999A3183F0AC58101811315DAE42A010AF0BB41B1C78286BDEF708D285033F83	checks=15F4924E325D863531F83414759FB7F910349159159064EE2522D07F53C1AB86
before:checks-1	head=37dae5120b9da738216a12845c0ed9e594d8f264	main=999A3183F0AC58101811315DAE42A010AF0BB41B1C78286BDEF708D285033F83	checks=15F4924E325D863531F83414759FB7F910349159159064EE2522D07F53C1AB86
after:checks-1	head=37dae5120b9da738216a12845c0ed9e594d8f264	main=999A3183F0AC58101811315DAE42A010AF0BB41B1C78286BDEF708D285033F83	checks=15F4924E325D863531F83414759FB7F910349159159064EE2522D07F53C1AB86
before:checks-2	head=37dae5120b9da738216a12845c0ed9e594d8f264	main=999A3183F0AC58101811315DAE42A010AF0BB41B1C78286BDEF708D285033F83	checks=15F4924E325D863531F83414759FB7F910349159159064EE2522D07F53C1AB86
after:checks-2	head=37dae5120b9da738216a12845c0ed9e594d8f264	main=999A3183F0AC58101811315DAE42A010AF0BB41B1C78286BDEF708D285033F83	checks=15F4924E325D863531F83414759FB7F910349159159064EE2522D07F53C1AB86
final	head=37dae5120b9da738216a12845c0ed9e594d8f264	main=999A3183F0AC58101811315DAE42A010AF0BB41B1C78286BDEF708D285033F83	checks=15F4924E325D863531F83414759FB7F910349159159064EE2522D07F53C1AB86
finalize-before	head=37dae5120b9da738216a12845c0ed9e594d8f264	main=999A3183F0AC58101811315DAE42A010AF0BB41B1C78286BDEF708D285033F83	checks=15F4924E325D863531F83414759FB7F910349159159064EE2522D07F53C1AB86
finalize-after	head=37dae5120b9da738216a12845c0ed9e594d8f264	main=999A3183F0AC58101811315DAE42A010AF0BB41B1C78286BDEF708D285033F83	checks=15F4924E325D863531F83414759FB7F910349159159064EE2522D07F53C1AB86
