initial	head=f54f116d18971d814ba51cbcdbcf1fc664c9fdfc	main=EDCA7DE73001D70F0122203973CE4B1CB8CD06407106546C8F3ED2B4E7900621	checks=1FF7F87726CDE25CB228B7D917F9CAE4F6DE8E72B67FA5E20D60657CC3A2AC6D
before:actual-star-question-support	head=f54f116d18971d814ba51cbcdbcf1fc664c9fdfc	main=EDCA7DE73001D70F0122203973CE4B1CB8CD06407106546C8F3ED2B4E7900621	checks=1FF7F87726CDE25CB228B7D917F9CAE4F6DE8E72B67FA5E20D60657CC3A2AC6D
after:actual-star-question-support	head=f54f116d18971d814ba51cbcdbcf1fc664c9fdfc	main=EDCA7DE73001D70F0122203973CE4B1CB8CD06407106546C8F3ED2B4E7900621	checks=1FF7F87726CDE25CB228B7D917F9CAE4F6DE8E72B67FA5E20D60657CC3A2AC6D
before:actual-star-span-intersection	head=f54f116d18971d814ba51cbcdbcf1fc664c9fdfc	main=EDCA7DE73001D70F0122203973CE4B1CB8CD06407106546C8F3ED2B4E7900621	checks=1FF7F87726CDE25CB228B7D917F9CAE4F6DE8E72B67FA5E20D60657CC3A2AC6D
after:actual-star-span-intersection	head=f54f116d18971d814ba51cbcdbcf1fc664c9fdfc	main=EDCA7DE73001D70F0122203973CE4B1CB8CD06407106546C8F3ED2B4E7900621	checks=1FF7F87726CDE25CB228B7D917F9CAE4F6DE8E72B67FA5E20D60657CC3A2AC6D
before:port-cycle-replacement	head=f54f116d18971d814ba51cbcdbcf1fc664c9fdfc	main=EDCA7DE73001D70F0122203973CE4B1CB8CD06407106546C8F3ED2B4E7900621	checks=1FF7F87726CDE25CB228B7D917F9CAE4F6DE8E72B67FA5E20D60657CC3A2AC6D
after:port-cycle-replacement	head=f54f116d18971d814ba51cbcdbcf1fc664c9fdfc	main=EDCA7DE73001D70F0122203973CE4B1CB8CD06407106546C8F3ED2B4E7900621	checks=1FF7F87726CDE25CB228B7D917F9CAE4F6DE8E72B67FA5E20D60657CC3A2AC6D
before:expander-cut-instantiation	head=f54f116d18971d814ba51cbcdbcf1fc664c9fdfc	main=EDCA7DE73001D70F0122203973CE4B1CB8CD06407106546C8F3ED2B4E7900621	checks=1FF7F87726CDE25CB228B7D917F9CAE4F6DE8E72B67FA5E20D60657CC3A2AC6D
after:expander-cut-instantiation	head=f54f116d18971d814ba51cbcdbcf1fc664c9fdfc	main=EDCA7DE73001D70F0122203973CE4B1CB8CD06407106546C8F3ED2B4E7900621	checks=1FF7F87726CDE25CB228B7D917F9CAE4F6DE8E72B67FA5E20D60657CC3A2AC6D
before:fixed-port-cycle-family	head=f54f116d18971d814ba51cbcdbcf1fc664c9fdfc	main=EDCA7DE73001D70F0122203973CE4B1CB8CD06407106546C8F3ED2B4E7900621	checks=1FF7F87726CDE25CB228B7D917F9CAE4F6DE8E72B67FA5E20D60657CC3A2AC6D
after:fixed-port-cycle-family	head=f54f116d18971d814ba51cbcdbcf1fc664c9fdfc	main=EDCA7DE73001D70F0122203973CE4B1CB8CD06407106546C8F3ED2B4E7900621	checks=1FF7F87726CDE25CB228B7D917F9CAE4F6DE8E72B67FA5E20D60657CC3A2AC6D
before:actual-graph-edges	head=f54f116d18971d814ba51cbcdbcf1fc664c9fdfc	main=EDCA7DE73001D70F0122203973CE4B1CB8CD06407106546C8F3ED2B4E7900621	checks=1FF7F87726CDE25CB228B7D917F9CAE4F6DE8E72B67FA5E20D60657CC3A2AC6D
after:actual-graph-edges	head=f54f116d18971d814ba51cbcdbcf1fc664c9fdfc	main=EDCA7DE73001D70F0122203973CE4B1CB8CD06407106546C8F3ED2B4E7900621	checks=1FF7F87726CDE25CB228B7D917F9CAE4F6DE8E72B67FA5E20D60657CC3A2AC6D
before:equality-gadget	head=f54f116d18971d814ba51cbcdbcf1fc664c9fdfc	main=EDCA7DE73001D70F0122203973CE4B1CB8CD06407106546C8F3ED2B4E7900621	checks=1FF7F87726CDE25CB228B7D917F9CAE4F6DE8E72B67FA5E20D60657CC3A2AC6D
after:equality-gadget	head=f54f116d18971d814ba51cbcdbcf1fc664c9fdfc	main=EDCA7DE73001D70F0122203973CE4B1CB8CD06407106546C8F3ED2B4E7900621	checks=1FF7F87726CDE25CB228B7D917F9CAE4F6DE8E72B67FA5E20D60657CC3A2AC6D
before:actual-equality-cloud	head=f54f116d18971d814ba51cbcdbcf1fc664c9fdfc	main=EDCA7DE73001D70F0122203973CE4B1CB8CD06407106546C8F3ED2B4E7900621	checks=1FF7F87726CDE25CB228B7D917F9CAE4F6DE8E72B67FA5E20D60657CC3A2AC6D
after:actual-equality-cloud	head=f54f116d18971d814ba51cbcdbcf1fc664c9fdfc	main=EDCA7DE73001D70F0122203973CE4B1CB8CD06407106546C8F3ED2B4E7900621	checks=1FF7F87726CDE25CB228B7D917F9CAE4F6DE8E72B67FA5E20D60657CC3A2AC6D
before:actual-occurrence-allocation	head=f54f116d18971d814ba51cbcdbcf1fc664c9fdfc	main=EDCA7DE73001D70F0122203973CE4B1CB8CD06407106546C8F3ED2B4E7900621	checks=1FF7F87726CDE25CB228B7D917F9CAE4F6DE8E72B67FA5E20D60657CC3A2AC6D
after:actual-occurrence-allocation	head=f54f116d18971d814ba51cbcdbcf1fc664c9fdfc	main=EDCA7DE73001D70F0122203973CE4B1CB8CD06407106546C8F3ED2B4E7900621	checks=1FF7F87726CDE25CB228B7D917F9CAE4F6DE8E72B67FA5E20D60657CC3A2AC6D
before:actual-occurrence-counts	head=f54f116d18971d814ba51cbcdbcf1fc664c9fdfc	main=EDCA7DE73001D70F0122203973CE4B1CB8CD06407106546C8F3ED2B4E7900621	checks=1FF7F87726CDE25CB228B7D917F9CAE4F6DE8E72B67FA5E20D60657CC3A2AC6D
after:actual-occurrence-counts	head=f54f116d18971d814ba51cbcdbcf1fc664c9fdfc	main=EDCA7DE73001D70F0122203973CE4B1CB8CD06407106546C8F3ED2B4E7900621	checks=1FF7F87726CDE25CB228B7D917F9CAE4F6DE8E72B67FA5E20D60657CC3A2AC6D
before:actual-finite-3lin-source	head=f54f116d18971d814ba51cbcdbcf1fc664c9fdfc	main=EDCA7DE73001D70F0122203973CE4B1CB8CD06407106546C8F3ED2B4E7900621	checks=1FF7F87726CDE25CB228B7D917F9CAE4F6DE8E72B67FA5E20D60657CC3A2AC6D
after:actual-finite-3lin-source	head=f54f116d18971d814ba51cbcdbcf1fc664c9fdfc	main=EDCA7DE73001D70F0122203973CE4B1CB8CD06407106546C8F3ED2B4E7900621	checks=1FF7F87726CDE25CB228B7D917F9CAE4F6DE8E72B67FA5E20D60657CC3A2AC6D
before:actual-rhs-functional-construction	head=f54f116d18971d814ba51cbcdbcf1fc664c9fdfc	main=EDCA7DE73001D70F0122203973CE4B1CB8CD06407106546C8F3ED2B4E7900621	checks=1FF7F87726CDE25CB228B7D917F9CAE4F6DE8E72B67FA5E20D60657CC3A2AC6D
after:actual-rhs-functional-construction	head=f54f116d18971d814ba51cbcdbcf1fc664c9fdfc	main=EDCA7DE73001D70F0122203973CE4B1CB8CD06407106546C8F3ED2B4E7900621	checks=1FF7F87726CDE25CB228B7D917F9CAE4F6DE8E72B67FA5E20D60657CC3A2AC6D
before:actual-star-side-condition-agreement	head=f54f116d18971d814ba51cbcdbcf1fc664c9fdfc	main=EDCA7DE73001D70F0122203973CE4B1CB8CD06407106546C8F3ED2B4E7900621	checks=1FF7F87726CDE25CB228B7D917F9CAE4F6DE8E72B67FA5E20D60657CC3A2AC6D
after:actual-star-side-condition-agreement	head=f54f116d18971d814ba51cbcdbcf1fc664c9fdfc	main=EDCA7DE73001D70F0122203973CE4B1CB8CD06407106546C8F3ED2B4E7900621	checks=1FF7F87726CDE25CB228B7D917F9CAE4F6DE8E72B67FA5E20D60657CC3A2AC6D
before:actual-compatible-rhs-functional	head=f54f116d18971d814ba51cbcdbcf1fc664c9fdfc	main=EDCA7DE73001D70F0122203973CE4B1CB8CD06407106546C8F3ED2B4E7900621	checks=1FF7F87726CDE25CB228B7D917F9CAE4F6DE8E72B67FA5E20D60657CC3A2AC6D
after:actual-compatible-rhs-functional	head=f54f116d18971d814ba51cbcdbcf1fc664c9fdfc	main=EDCA7DE73001D70F0122203973CE4B1CB8CD06407106546C8F3ED2B4E7900621	checks=1FF7F87726CDE25CB228B7D917F9CAE4F6DE8E72B67FA5E20D60657CC3A2AC6D
before:submodule-functional-gluing	head=f54f116d18971d814ba51cbcdbcf1fc664c9fdfc	main=EDCA7DE73001D70F0122203973CE4B1CB8CD06407106546C8F3ED2B4E7900621	checks=1FF7F87726CDE25CB228B7D917F9CAE4F6DE8E72B67FA5E20D60657CC3A2AC6D
after:submodule-functional-gluing	head=f54f116d18971d814ba51cbcdbcf1fc664c9fdfc	main=EDCA7DE73001D70F0122203973CE4B1CB8CD06407106546C8F3ED2B4E7900621	checks=1FF7F87726CDE25CB228B7D917F9CAE4F6DE8E72B67FA5E20D60657CC3A2AC6D
before:actual-presented-leaf-gluing	head=f54f116d18971d814ba51cbcdbcf1fc664c9fdfc	main=EDCA7DE73001D70F0122203973CE4B1CB8CD06407106546C8F3ED2B4E7900621	checks=1FF7F87726CDE25CB228B7D917F9CAE4F6DE8E72B67FA5E20D60657CC3A2AC6D
after:actual-presented-leaf-gluing	head=f54f116d18971d814ba51cbcdbcf1fc664c9fdfc	main=EDCA7DE73001D70F0122203973CE4B1CB8CD06407106546C8F3ED2B4E7900621	checks=1FF7F87726CDE25CB228B7D917F9CAE4F6DE8E72B67FA5E20D60657CC3A2AC6D
before:actual-leaf-transport	head=f54f116d18971d814ba51cbcdbcf1fc664c9fdfc	main=EDCA7DE73001D70F0122203973CE4B1CB8CD06407106546C8F3ED2B4E7900621	checks=1FF7F87726CDE25CB228B7D917F9CAE4F6DE8E72B67FA5E20D60657CC3A2AC6D
after:actual-leaf-transport	head=f54f116d18971d814ba51cbcdbcf1fc664c9fdfc	main=EDCA7DE73001D70F0122203973CE4B1CB8CD06407106546C8F3ED2B4E7900621	checks=1FF7F87726CDE25CB228B7D917F9CAE4F6DE8E72B67FA5E20D60657CC3A2AC6D
before:actual-leaf-relation-laws	head=f54f116d18971d814ba51cbcdbcf1fc664c9fdfc	main=EDCA7DE73001D70F0122203973CE4B1CB8CD06407106546C8F3ED2B4E7900621	checks=1FF7F87726CDE25CB228B7D917F9CAE4F6DE8E72B67FA5E20D60657CC3A2AC6D
after:actual-leaf-relation-laws	head=f54f116d18971d814ba51cbcdbcf1fc664c9fdfc	main=EDCA7DE73001D70F0122203973CE4B1CB8CD06407106546C8F3ED2B4E7900621	checks=1FF7F87726CDE25CB228B7D917F9CAE4F6DE8E72B67FA5E20D60657CC3A2AC6D
before:actual-leaf-transport-coherence	head=f54f116d18971d814ba51cbcdbcf1fc664c9fdfc	main=EDCA7DE73001D70F0122203973CE4B1CB8CD06407106546C8F3ED2B4E7900621	checks=1FF7F87726CDE25CB228B7D917F9CAE4F6DE8E72B67FA5E20D60657CC3A2AC6D
after:actual-leaf-transport-coherence	head=f54f116d18971d814ba51cbcdbcf1fc664c9fdfc	main=EDCA7DE73001D70F0122203973CE4B1CB8CD06407106546C8F3ED2B4E7900621	checks=1FF7F87726CDE25CB228B7D917F9CAE4F6DE8E72B67FA5E20D60657CC3A2AC6D
before:actual-leaf-presentation-descent	head=f54f116d18971d814ba51cbcdbcf1fc664c9fdfc	main=EDCA7DE73001D70F0122203973CE4B1CB8CD06407106546C8F3ED2B4E7900621	checks=1FF7F87726CDE25CB228B7D917F9CAE4F6DE8E72B67FA5E20D60657CC3A2AC6D
after:actual-leaf-presentation-descent	head=f54f116d18971d814ba51cbcdbcf1fc664c9fdfc	main=EDCA7DE73001D70F0122203973CE4B1CB8CD06407106546C8F3ED2B4E7900621	checks=1FF7F87726CDE25CB228B7D917F9CAE4F6DE8E72B67FA5E20D60657CC3A2AC6D
before:main-1	head=f54f116d18971d814ba51cbcdbcf1fc664c9fdfc	main=EDCA7DE73001D70F0122203973CE4B1CB8CD06407106546C8F3ED2B4E7900621	checks=1FF7F87726CDE25CB228B7D917F9CAE4F6DE8E72B67FA5E20D60657CC3A2AC6D
after:main-1	head=f54f116d18971d814ba51cbcdbcf1fc664c9fdfc	main=EDCA7DE73001D70F0122203973CE4B1CB8CD06407106546C8F3ED2B4E7900621	checks=1FF7F87726CDE25CB228B7D917F9CAE4F6DE8E72B67FA5E20D60657CC3A2AC6D
before:main-2	head=f54f116d18971d814ba51cbcdbcf1fc664c9fdfc	main=EDCA7DE73001D70F0122203973CE4B1CB8CD06407106546C8F3ED2B4E7900621	checks=1FF7F87726CDE25CB228B7D917F9CAE4F6DE8E72B67FA5E20D60657CC3A2AC6D
after:main-2	head=f54f116d18971d814ba51cbcdbcf1fc664c9fdfc	main=EDCA7DE73001D70F0122203973CE4B1CB8CD06407106546C8F3ED2B4E7900621	checks=1FF7F87726CDE25CB228B7D917F9CAE4F6DE8E72B67FA5E20D60657CC3A2AC6D
before:checks-1	head=f54f116d18971d814ba51cbcdbcf1fc664c9fdfc	main=EDCA7DE73001D70F0122203973CE4B1CB8CD06407106546C8F3ED2B4E7900621	checks=1FF7F87726CDE25CB228B7D917F9CAE4F6DE8E72B67FA5E20D60657CC3A2AC6D
after:checks-1	head=f54f116d18971d814ba51cbcdbcf1fc664c9fdfc	main=EDCA7DE73001D70F0122203973CE4B1CB8CD06407106546C8F3ED2B4E7900621	checks=1FF7F87726CDE25CB228B7D917F9CAE4F6DE8E72B67FA5E20D60657CC3A2AC6D
before:checks-2	head=f54f116d18971d814ba51cbcdbcf1fc664c9fdfc	main=EDCA7DE73001D70F0122203973CE4B1CB8CD06407106546C8F3ED2B4E7900621	checks=1FF7F87726CDE25CB228B7D917F9CAE4F6DE8E72B67FA5E20D60657CC3A2AC6D
after:checks-2	head=f54f116d18971d814ba51cbcdbcf1fc664c9fdfc	main=EDCA7DE73001D70F0122203973CE4B1CB8CD06407106546C8F3ED2B4E7900621	checks=1FF7F87726CDE25CB228B7D917F9CAE4F6DE8E72B67FA5E20D60657CC3A2AC6D
final	head=f54f116d18971d814ba51cbcdbcf1fc664c9fdfc	main=EDCA7DE73001D70F0122203973CE4B1CB8CD06407106546C8F3ED2B4E7900621	checks=1FF7F87726CDE25CB228B7D917F9CAE4F6DE8E72B67FA5E20D60657CC3A2AC6D
finalize-before	head=f54f116d18971d814ba51cbcdbcf1fc664c9fdfc	main=EDCA7DE73001D70F0122203973CE4B1CB8CD06407106546C8F3ED2B4E7900621	checks=1FF7F87726CDE25CB228B7D917F9CAE4F6DE8E72B67FA5E20D60657CC3A2AC6D
finalize-after	head=f54f116d18971d814ba51cbcdbcf1fc664c9fdfc	main=EDCA7DE73001D70F0122203973CE4B1CB8CD06407106546C8F3ED2B4E7900621	checks=1FF7F87726CDE25CB228B7D917F9CAE4F6DE8E72B67FA5E20D60657CC3A2AC6D
