PvNP/RealizableHardness/ActualCompatibleRhsFunctional.olean	220720	C7D44C65E4D790D0319A9C8295CB5C6B63446C501F79A3F1131D5A72E4EA124D
PvNP/RealizableHardness/ActualEqualityCloud.olean	1059512	DD913CA8463BF3641470B5D5203814D7549BB26BDC749E089AB180A584396211
PvNP/RealizableHardness/ActualFinite3LinSource.olean	199768	72FE7300086DFB3B13844319C75725AC16032C3413699F20810B2282C6235F48
PvNP/RealizableHardness/ActualGraphEdges.olean	315776	6EF6DAF0B177376F958647058EEC171B5E9CAD2C637853946CF2CA283B96EB23
PvNP/RealizableHardness/ActualLeafRelationLaws.olean	631880	2AD7B111371F0523DD0AC037F519919A4224F5317EDCE980CF380A6D214C3F13
PvNP/RealizableHardness/ActualLeafRelationLawsChecks.olean	287464	EDB86FCD8906B7296900346248C2CA564C5DC27CEB937293AC38C9B48C2A0357
PvNP/RealizableHardness/ActualLeafTransport.olean	366128	1CEE9647728163F2BBC71D6AA429BEFD78AA1883BB24CDE9A307A060B6465AE2
PvNP/RealizableHardness/ActualLeafTransportCoherence.olean	1137504	2BD63A04269AF7CD0449978C5818207E95698DCC6A1714362629E0581965FCD8
PvNP/RealizableHardness/ActualLeafTransportCoherenceChecks.olean	287752	609CC944485484BE49FE31C5E85E3B16341897342DC48258A1021E47B3671D5C
PvNP/RealizableHardness/ActualOccurrenceAllocation.olean	746544	FBE931AA066B5E2CEC7B5639F2668D2E41A0BCE81880B25EF28BAAC3F648FEC3
PvNP/RealizableHardness/ActualOccurrenceCounts.olean	421040	B24B82683C3E85C30FC46111E25224FE7C977877E03AF403980141F03C953866
PvNP/RealizableHardness/ActualPresentedLeafGluing.olean	792456	3AE5AB5229E44A73D0AB545987E93E028E5F0C522DF88149ED10983F51E82C4B
PvNP/RealizableHardness/ActualRhsFunctionalConstruction.olean	228248	EDCED42934A1D104CA4C64CF6A8E18EB5AB60213FD180258A71E6882927D201F
PvNP/RealizableHardness/ActualStarQuestionSupport.olean	107168	20471568C017E1D69F92ECFEFF2677A5F715BBE9C1507D3D554AE4D879735141
PvNP/RealizableHardness/ActualStarSideConditionAgreement.olean	199456	856DD508D6668231A64F5FBF71DD2A535B1B079DE7A53EE5ED458320B5E50889
PvNP/RealizableHardness/ActualStarSpanIntersection.olean	199496	2A6147DF4AF88BB39D8B44C0B1A04A373ECB09A59A9D41B3C8B30D11D868FF1B
PvNP/RealizableHardness/EqualityGadget.olean	283936	D1388F9012280075AF80FF7C442BC3C5215569A02E01617A793A135CF85AD3EB
PvNP/RealizableHardness/ExpanderCutInstantiation.olean	377160	1CD5E6ABB6BE788F3C0A264C9DFA519AF90B1DB4F8DABCE1A11ED99B1F6BC10D
PvNP/RealizableHardness/FixedPortCycleFamily.olean	112736	400BF18C73EC885E68935A3B590C6E8028FEAC44BC47F3EC7547B9DA2C735E5E
PvNP/RealizableHardness/PortCycleReplacement.olean	807864	452C9274B7F66C7C35D4A549C5DCDFD39ADA10FD214FECA00ADB2F5BBC9A3D8F
PvNP/RealizableHardness/SubmoduleFunctionalGluing.olean	316816	77D109A27663844EB3D553C7F23FBB4C064A34AFE9B0F977A5156B14DCC415E7
