initial	head=8c2797867e81bd4f69c35893e3574a3f042d1132	rl_main=87BE216E92B19AD2044BF5DB1551A3D36BE3993ABBD456FDCF16FA379274610C	rl_checks=55301CD33DFCE8764A7E65564995A0E2DBC17E280558AFF5DE80FF11395C7F46	co_main=109346364F8886DA18F31EFD170F8D991AEF21ECD92D591408766815E1F7EF5F	co_checks=A68C99D77565BBE9468F412891DFB95EF0BF97C1D8A9282596317800D18079BD
before:actual-star-question-support	head=8c2797867e81bd4f69c35893e3574a3f042d1132	rl_main=87BE216E92B19AD2044BF5DB1551A3D36BE3993ABBD456FDCF16FA379274610C	rl_checks=55301CD33DFCE8764A7E65564995A0E2DBC17E280558AFF5DE80FF11395C7F46	co_main=109346364F8886DA18F31EFD170F8D991AEF21ECD92D591408766815E1F7EF5F	co_checks=A68C99D77565BBE9468F412891DFB95EF0BF97C1D8A9282596317800D18079BD
after:actual-star-question-support	head=8c2797867e81bd4f69c35893e3574a3f042d1132	rl_main=87BE216E92B19AD2044BF5DB1551A3D36BE3993ABBD456FDCF16FA379274610C	rl_checks=55301CD33DFCE8764A7E65564995A0E2DBC17E280558AFF5DE80FF11395C7F46	co_main=109346364F8886DA18F31EFD170F8D991AEF21ECD92D591408766815E1F7EF5F	co_checks=A68C99D77565BBE9468F412891DFB95EF0BF97C1D8A9282596317800D18079BD
before:actual-star-span-intersection	head=8c2797867e81bd4f69c35893e3574a3f042d1132	rl_main=87BE216E92B19AD2044BF5DB1551A3D36BE3993ABBD456FDCF16FA379274610C	rl_checks=55301CD33DFCE8764A7E65564995A0E2DBC17E280558AFF5DE80FF11395C7F46	co_main=109346364F8886DA18F31EFD170F8D991AEF21ECD92D591408766815E1F7EF5F	co_checks=A68C99D77565BBE9468F412891DFB95EF0BF97C1D8A9282596317800D18079BD
after:actual-star-span-intersection	head=8c2797867e81bd4f69c35893e3574a3f042d1132	rl_main=87BE216E92B19AD2044BF5DB1551A3D36BE3993ABBD456FDCF16FA379274610C	rl_checks=55301CD33DFCE8764A7E65564995A0E2DBC17E280558AFF5DE80FF11395C7F46	co_main=109346364F8886DA18F31EFD170F8D991AEF21ECD92D591408766815E1F7EF5F	co_checks=A68C99D77565BBE9468F412891DFB95EF0BF97C1D8A9282596317800D18079BD
before:port-cycle-replacement	head=8c2797867e81bd4f69c35893e3574a3f042d1132	rl_main=87BE216E92B19AD2044BF5DB1551A3D36BE3993ABBD456FDCF16FA379274610C	rl_checks=55301CD33DFCE8764A7E65564995A0E2DBC17E280558AFF5DE80FF11395C7F46	co_main=109346364F8886DA18F31EFD170F8D991AEF21ECD92D591408766815E1F7EF5F	co_checks=A68C99D77565BBE9468F412891DFB95EF0BF97C1D8A9282596317800D18079BD
after:port-cycle-replacement	head=8c2797867e81bd4f69c35893e3574a3f042d1132	rl_main=87BE216E92B19AD2044BF5DB1551A3D36BE3993ABBD456FDCF16FA379274610C	rl_checks=55301CD33DFCE8764A7E65564995A0E2DBC17E280558AFF5DE80FF11395C7F46	co_main=109346364F8886DA18F31EFD170F8D991AEF21ECD92D591408766815E1F7EF5F	co_checks=A68C99D77565BBE9468F412891DFB95EF0BF97C1D8A9282596317800D18079BD
before:expander-cut-instantiation	head=8c2797867e81bd4f69c35893e3574a3f042d1132	rl_main=87BE216E92B19AD2044BF5DB1551A3D36BE3993ABBD456FDCF16FA379274610C	rl_checks=55301CD33DFCE8764A7E65564995A0E2DBC17E280558AFF5DE80FF11395C7F46	co_main=109346364F8886DA18F31EFD170F8D991AEF21ECD92D591408766815E1F7EF5F	co_checks=A68C99D77565BBE9468F412891DFB95EF0BF97C1D8A9282596317800D18079BD
after:expander-cut-instantiation	head=8c2797867e81bd4f69c35893e3574a3f042d1132	rl_main=87BE216E92B19AD2044BF5DB1551A3D36BE3993ABBD456FDCF16FA379274610C	rl_checks=55301CD33DFCE8764A7E65564995A0E2DBC17E280558AFF5DE80FF11395C7F46	co_main=109346364F8886DA18F31EFD170F8D991AEF21ECD92D591408766815E1F7EF5F	co_checks=A68C99D77565BBE9468F412891DFB95EF0BF97C1D8A9282596317800D18079BD
before:fixed-port-cycle-family	head=8c2797867e81bd4f69c35893e3574a3f042d1132	rl_main=87BE216E92B19AD2044BF5DB1551A3D36BE3993ABBD456FDCF16FA379274610C	rl_checks=55301CD33DFCE8764A7E65564995A0E2DBC17E280558AFF5DE80FF11395C7F46	co_main=109346364F8886DA18F31EFD170F8D991AEF21ECD92D591408766815E1F7EF5F	co_checks=A68C99D77565BBE9468F412891DFB95EF0BF97C1D8A9282596317800D18079BD
after:fixed-port-cycle-family	head=8c2797867e81bd4f69c35893e3574a3f042d1132	rl_main=87BE216E92B19AD2044BF5DB1551A3D36BE3993ABBD456FDCF16FA379274610C	rl_checks=55301CD33DFCE8764A7E65564995A0E2DBC17E280558AFF5DE80FF11395C7F46	co_main=109346364F8886DA18F31EFD170F8D991AEF21ECD92D591408766815E1F7EF5F	co_checks=A68C99D77565BBE9468F412891DFB95EF0BF97C1D8A9282596317800D18079BD
before:actual-graph-edges	head=8c2797867e81bd4f69c35893e3574a3f042d1132	rl_main=87BE216E92B19AD2044BF5DB1551A3D36BE3993ABBD456FDCF16FA379274610C	rl_checks=55301CD33DFCE8764A7E65564995A0E2DBC17E280558AFF5DE80FF11395C7F46	co_main=109346364F8886DA18F31EFD170F8D991AEF21ECD92D591408766815E1F7EF5F	co_checks=A68C99D77565BBE9468F412891DFB95EF0BF97C1D8A9282596317800D18079BD
after:actual-graph-edges	head=8c2797867e81bd4f69c35893e3574a3f042d1132	rl_main=87BE216E92B19AD2044BF5DB1551A3D36BE3993ABBD456FDCF16FA379274610C	rl_checks=55301CD33DFCE8764A7E65564995A0E2DBC17E280558AFF5DE80FF11395C7F46	co_main=109346364F8886DA18F31EFD170F8D991AEF21ECD92D591408766815E1F7EF5F	co_checks=A68C99D77565BBE9468F412891DFB95EF0BF97C1D8A9282596317800D18079BD
before:equality-gadget	head=8c2797867e81bd4f69c35893e3574a3f042d1132	rl_main=87BE216E92B19AD2044BF5DB1551A3D36BE3993ABBD456FDCF16FA379274610C	rl_checks=55301CD33DFCE8764A7E65564995A0E2DBC17E280558AFF5DE80FF11395C7F46	co_main=109346364F8886DA18F31EFD170F8D991AEF21ECD92D591408766815E1F7EF5F	co_checks=A68C99D77565BBE9468F412891DFB95EF0BF97C1D8A9282596317800D18079BD
after:equality-gadget	head=8c2797867e81bd4f69c35893e3574a3f042d1132	rl_main=87BE216E92B19AD2044BF5DB1551A3D36BE3993ABBD456FDCF16FA379274610C	rl_checks=55301CD33DFCE8764A7E65564995A0E2DBC17E280558AFF5DE80FF11395C7F46	co_main=109346364F8886DA18F31EFD170F8D991AEF21ECD92D591408766815E1F7EF5F	co_checks=A68C99D77565BBE9468F412891DFB95EF0BF97C1D8A9282596317800D18079BD
before:actual-equality-cloud	head=8c2797867e81bd4f69c35893e3574a3f042d1132	rl_main=87BE216E92B19AD2044BF5DB1551A3D36BE3993ABBD456FDCF16FA379274610C	rl_checks=55301CD33DFCE8764A7E65564995A0E2DBC17E280558AFF5DE80FF11395C7F46	co_main=109346364F8886DA18F31EFD170F8D991AEF21ECD92D591408766815E1F7EF5F	co_checks=A68C99D77565BBE9468F412891DFB95EF0BF97C1D8A9282596317800D18079BD
after:actual-equality-cloud	head=8c2797867e81bd4f69c35893e3574a3f042d1132	rl_main=87BE216E92B19AD2044BF5DB1551A3D36BE3993ABBD456FDCF16FA379274610C	rl_checks=55301CD33DFCE8764A7E65564995A0E2DBC17E280558AFF5DE80FF11395C7F46	co_main=109346364F8886DA18F31EFD170F8D991AEF21ECD92D591408766815E1F7EF5F	co_checks=A68C99D77565BBE9468F412891DFB95EF0BF97C1D8A9282596317800D18079BD
before:actual-occurrence-allocation	head=8c2797867e81bd4f69c35893e3574a3f042d1132	rl_main=87BE216E92B19AD2044BF5DB1551A3D36BE3993ABBD456FDCF16FA379274610C	rl_checks=55301CD33DFCE8764A7E65564995A0E2DBC17E280558AFF5DE80FF11395C7F46	co_main=109346364F8886DA18F31EFD170F8D991AEF21ECD92D591408766815E1F7EF5F	co_checks=A68C99D77565BBE9468F412891DFB95EF0BF97C1D8A9282596317800D18079BD
after:actual-occurrence-allocation	head=8c2797867e81bd4f69c35893e3574a3f042d1132	rl_main=87BE216E92B19AD2044BF5DB1551A3D36BE3993ABBD456FDCF16FA379274610C	rl_checks=55301CD33DFCE8764A7E65564995A0E2DBC17E280558AFF5DE80FF11395C7F46	co_main=109346364F8886DA18F31EFD170F8D991AEF21ECD92D591408766815E1F7EF5F	co_checks=A68C99D77565BBE9468F412891DFB95EF0BF97C1D8A9282596317800D18079BD
before:actual-occurrence-counts	head=8c2797867e81bd4f69c35893e3574a3f042d1132	rl_main=87BE216E92B19AD2044BF5DB1551A3D36BE3993ABBD456FDCF16FA379274610C	rl_checks=55301CD33DFCE8764A7E65564995A0E2DBC17E280558AFF5DE80FF11395C7F46	co_main=109346364F8886DA18F31EFD170F8D991AEF21ECD92D591408766815E1F7EF5F	co_checks=A68C99D77565BBE9468F412891DFB95EF0BF97C1D8A9282596317800D18079BD
after:actual-occurrence-counts	head=8c2797867e81bd4f69c35893e3574a3f042d1132	rl_main=87BE216E92B19AD2044BF5DB1551A3D36BE3993ABBD456FDCF16FA379274610C	rl_checks=55301CD33DFCE8764A7E65564995A0E2DBC17E280558AFF5DE80FF11395C7F46	co_main=109346364F8886DA18F31EFD170F8D991AEF21ECD92D591408766815E1F7EF5F	co_checks=A68C99D77565BBE9468F412891DFB95EF0BF97C1D8A9282596317800D18079BD
before:actual-finite-3lin-source	head=8c2797867e81bd4f69c35893e3574a3f042d1132	rl_main=87BE216E92B19AD2044BF5DB1551A3D36BE3993ABBD456FDCF16FA379274610C	rl_checks=55301CD33DFCE8764A7E65564995A0E2DBC17E280558AFF5DE80FF11395C7F46	co_main=109346364F8886DA18F31EFD170F8D991AEF21ECD92D591408766815E1F7EF5F	co_checks=A68C99D77565BBE9468F412891DFB95EF0BF97C1D8A9282596317800D18079BD
after:actual-finite-3lin-source	head=8c2797867e81bd4f69c35893e3574a3f042d1132	rl_main=87BE216E92B19AD2044BF5DB1551A3D36BE3993ABBD456FDCF16FA379274610C	rl_checks=55301CD33DFCE8764A7E65564995A0E2DBC17E280558AFF5DE80FF11395C7F46	co_main=109346364F8886DA18F31EFD170F8D991AEF21ECD92D591408766815E1F7EF5F	co_checks=A68C99D77565BBE9468F412891DFB95EF0BF97C1D8A9282596317800D18079BD
before:actual-rhs-functional-construction	head=8c2797867e81bd4f69c35893e3574a3f042d1132	rl_main=87BE216E92B19AD2044BF5DB1551A3D36BE3993ABBD456FDCF16FA379274610C	rl_checks=55301CD33DFCE8764A7E65564995A0E2DBC17E280558AFF5DE80FF11395C7F46	co_main=109346364F8886DA18F31EFD170F8D991AEF21ECD92D591408766815E1F7EF5F	co_checks=A68C99D77565BBE9468F412891DFB95EF0BF97C1D8A9282596317800D18079BD
after:actual-rhs-functional-construction	head=8c2797867e81bd4f69c35893e3574a3f042d1132	rl_main=87BE216E92B19AD2044BF5DB1551A3D36BE3993ABBD456FDCF16FA379274610C	rl_checks=55301CD33DFCE8764A7E65564995A0E2DBC17E280558AFF5DE80FF11395C7F46	co_main=109346364F8886DA18F31EFD170F8D991AEF21ECD92D591408766815E1F7EF5F	co_checks=A68C99D77565BBE9468F412891DFB95EF0BF97C1D8A9282596317800D18079BD
before:actual-star-side-condition-agreement	head=8c2797867e81bd4f69c35893e3574a3f042d1132	rl_main=87BE216E92B19AD2044BF5DB1551A3D36BE3993ABBD456FDCF16FA379274610C	rl_checks=55301CD33DFCE8764A7E65564995A0E2DBC17E280558AFF5DE80FF11395C7F46	co_main=109346364F8886DA18F31EFD170F8D991AEF21ECD92D591408766815E1F7EF5F	co_checks=A68C99D77565BBE9468F412891DFB95EF0BF97C1D8A9282596317800D18079BD
after:actual-star-side-condition-agreement	head=8c2797867e81bd4f69c35893e3574a3f042d1132	rl_main=87BE216E92B19AD2044BF5DB1551A3D36BE3993ABBD456FDCF16FA379274610C	rl_checks=55301CD33DFCE8764A7E65564995A0E2DBC17E280558AFF5DE80FF11395C7F46	co_main=109346364F8886DA18F31EFD170F8D991AEF21ECD92D591408766815E1F7EF5F	co_checks=A68C99D77565BBE9468F412891DFB95EF0BF97C1D8A9282596317800D18079BD
before:actual-compatible-rhs-functional	head=8c2797867e81bd4f69c35893e3574a3f042d1132	rl_main=87BE216E92B19AD2044BF5DB1551A3D36BE3993ABBD456FDCF16FA379274610C	rl_checks=55301CD33DFCE8764A7E65564995A0E2DBC17E280558AFF5DE80FF11395C7F46	co_main=109346364F8886DA18F31EFD170F8D991AEF21ECD92D591408766815E1F7EF5F	co_checks=A68C99D77565BBE9468F412891DFB95EF0BF97C1D8A9282596317800D18079BD
after:actual-compatible-rhs-functional	head=8c2797867e81bd4f69c35893e3574a3f042d1132	rl_main=87BE216E92B19AD2044BF5DB1551A3D36BE3993ABBD456FDCF16FA379274610C	rl_checks=55301CD33DFCE8764A7E65564995A0E2DBC17E280558AFF5DE80FF11395C7F46	co_main=109346364F8886DA18F31EFD170F8D991AEF21ECD92D591408766815E1F7EF5F	co_checks=A68C99D77565BBE9468F412891DFB95EF0BF97C1D8A9282596317800D18079BD
before:submodule-functional-gluing	head=8c2797867e81bd4f69c35893e3574a3f042d1132	rl_main=87BE216E92B19AD2044BF5DB1551A3D36BE3993ABBD456FDCF16FA379274610C	rl_checks=55301CD33DFCE8764A7E65564995A0E2DBC17E280558AFF5DE80FF11395C7F46	co_main=109346364F8886DA18F31EFD170F8D991AEF21ECD92D591408766815E1F7EF5F	co_checks=A68C99D77565BBE9468F412891DFB95EF0BF97C1D8A9282596317800D18079BD
after:submodule-functional-gluing	head=8c2797867e81bd4f69c35893e3574a3f042d1132	rl_main=87BE216E92B19AD2044BF5DB1551A3D36BE3993ABBD456FDCF16FA379274610C	rl_checks=55301CD33DFCE8764A7E65564995A0E2DBC17E280558AFF5DE80FF11395C7F46	co_main=109346364F8886DA18F31EFD170F8D991AEF21ECD92D591408766815E1F7EF5F	co_checks=A68C99D77565BBE9468F412891DFB95EF0BF97C1D8A9282596317800D18079BD
before:actual-presented-leaf-gluing	head=8c2797867e81bd4f69c35893e3574a3f042d1132	rl_main=87BE216E92B19AD2044BF5DB1551A3D36BE3993ABBD456FDCF16FA379274610C	rl_checks=55301CD33DFCE8764A7E65564995A0E2DBC17E280558AFF5DE80FF11395C7F46	co_main=109346364F8886DA18F31EFD170F8D991AEF21ECD92D591408766815E1F7EF5F	co_checks=A68C99D77565BBE9468F412891DFB95EF0BF97C1D8A9282596317800D18079BD
after:actual-presented-leaf-gluing	head=8c2797867e81bd4f69c35893e3574a3f042d1132	rl_main=87BE216E92B19AD2044BF5DB1551A3D36BE3993ABBD456FDCF16FA379274610C	rl_checks=55301CD33DFCE8764A7E65564995A0E2DBC17E280558AFF5DE80FF11395C7F46	co_main=109346364F8886DA18F31EFD170F8D991AEF21ECD92D591408766815E1F7EF5F	co_checks=A68C99D77565BBE9468F412891DFB95EF0BF97C1D8A9282596317800D18079BD
before:actual-leaf-transport	head=8c2797867e81bd4f69c35893e3574a3f042d1132	rl_main=87BE216E92B19AD2044BF5DB1551A3D36BE3993ABBD456FDCF16FA379274610C	rl_checks=55301CD33DFCE8764A7E65564995A0E2DBC17E280558AFF5DE80FF11395C7F46	co_main=109346364F8886DA18F31EFD170F8D991AEF21ECD92D591408766815E1F7EF5F	co_checks=A68C99D77565BBE9468F412891DFB95EF0BF97C1D8A9282596317800D18079BD
after:actual-leaf-transport	head=8c2797867e81bd4f69c35893e3574a3f042d1132	rl_main=87BE216E92B19AD2044BF5DB1551A3D36BE3993ABBD456FDCF16FA379274610C	rl_checks=55301CD33DFCE8764A7E65564995A0E2DBC17E280558AFF5DE80FF11395C7F46	co_main=109346364F8886DA18F31EFD170F8D991AEF21ECD92D591408766815E1F7EF5F	co_checks=A68C99D77565BBE9468F412891DFB95EF0BF97C1D8A9282596317800D18079BD
before:relation-laws-main-1	head=8c2797867e81bd4f69c35893e3574a3f042d1132	rl_main=87BE216E92B19AD2044BF5DB1551A3D36BE3993ABBD456FDCF16FA379274610C	rl_checks=55301CD33DFCE8764A7E65564995A0E2DBC17E280558AFF5DE80FF11395C7F46	co_main=109346364F8886DA18F31EFD170F8D991AEF21ECD92D591408766815E1F7EF5F	co_checks=A68C99D77565BBE9468F412891DFB95EF0BF97C1D8A9282596317800D18079BD
after:relation-laws-main-1	head=8c2797867e81bd4f69c35893e3574a3f042d1132	rl_main=87BE216E92B19AD2044BF5DB1551A3D36BE3993ABBD456FDCF16FA379274610C	rl_checks=55301CD33DFCE8764A7E65564995A0E2DBC17E280558AFF5DE80FF11395C7F46	co_main=109346364F8886DA18F31EFD170F8D991AEF21ECD92D591408766815E1F7EF5F	co_checks=A68C99D77565BBE9468F412891DFB95EF0BF97C1D8A9282596317800D18079BD
before:relation-laws-main-2	head=8c2797867e81bd4f69c35893e3574a3f042d1132	rl_main=87BE216E92B19AD2044BF5DB1551A3D36BE3993ABBD456FDCF16FA379274610C	rl_checks=55301CD33DFCE8764A7E65564995A0E2DBC17E280558AFF5DE80FF11395C7F46	co_main=109346364F8886DA18F31EFD170F8D991AEF21ECD92D591408766815E1F7EF5F	co_checks=A68C99D77565BBE9468F412891DFB95EF0BF97C1D8A9282596317800D18079BD
after:relation-laws-main-2	head=8c2797867e81bd4f69c35893e3574a3f042d1132	rl_main=87BE216E92B19AD2044BF5DB1551A3D36BE3993ABBD456FDCF16FA379274610C	rl_checks=55301CD33DFCE8764A7E65564995A0E2DBC17E280558AFF5DE80FF11395C7F46	co_main=109346364F8886DA18F31EFD170F8D991AEF21ECD92D591408766815E1F7EF5F	co_checks=A68C99D77565BBE9468F412891DFB95EF0BF97C1D8A9282596317800D18079BD
before:relation-laws-checks-1	head=8c2797867e81bd4f69c35893e3574a3f042d1132	rl_main=87BE216E92B19AD2044BF5DB1551A3D36BE3993ABBD456FDCF16FA379274610C	rl_checks=55301CD33DFCE8764A7E65564995A0E2DBC17E280558AFF5DE80FF11395C7F46	co_main=109346364F8886DA18F31EFD170F8D991AEF21ECD92D591408766815E1F7EF5F	co_checks=A68C99D77565BBE9468F412891DFB95EF0BF97C1D8A9282596317800D18079BD
after:relation-laws-checks-1	head=8c2797867e81bd4f69c35893e3574a3f042d1132	rl_main=87BE216E92B19AD2044BF5DB1551A3D36BE3993ABBD456FDCF16FA379274610C	rl_checks=55301CD33DFCE8764A7E65564995A0E2DBC17E280558AFF5DE80FF11395C7F46	co_main=109346364F8886DA18F31EFD170F8D991AEF21ECD92D591408766815E1F7EF5F	co_checks=A68C99D77565BBE9468F412891DFB95EF0BF97C1D8A9282596317800D18079BD
before:relation-laws-checks-2	head=8c2797867e81bd4f69c35893e3574a3f042d1132	rl_main=87BE216E92B19AD2044BF5DB1551A3D36BE3993ABBD456FDCF16FA379274610C	rl_checks=55301CD33DFCE8764A7E65564995A0E2DBC17E280558AFF5DE80FF11395C7F46	co_main=109346364F8886DA18F31EFD170F8D991AEF21ECD92D591408766815E1F7EF5F	co_checks=A68C99D77565BBE9468F412891DFB95EF0BF97C1D8A9282596317800D18079BD
after:relation-laws-checks-2	head=8c2797867e81bd4f69c35893e3574a3f042d1132	rl_main=87BE216E92B19AD2044BF5DB1551A3D36BE3993ABBD456FDCF16FA379274610C	rl_checks=55301CD33DFCE8764A7E65564995A0E2DBC17E280558AFF5DE80FF11395C7F46	co_main=109346364F8886DA18F31EFD170F8D991AEF21ECD92D591408766815E1F7EF5F	co_checks=A68C99D77565BBE9468F412891DFB95EF0BF97C1D8A9282596317800D18079BD
before:coherence-main-1	head=8c2797867e81bd4f69c35893e3574a3f042d1132	rl_main=87BE216E92B19AD2044BF5DB1551A3D36BE3993ABBD456FDCF16FA379274610C	rl_checks=55301CD33DFCE8764A7E65564995A0E2DBC17E280558AFF5DE80FF11395C7F46	co_main=109346364F8886DA18F31EFD170F8D991AEF21ECD92D591408766815E1F7EF5F	co_checks=A68C99D77565BBE9468F412891DFB95EF0BF97C1D8A9282596317800D18079BD
after:coherence-main-1	head=8c2797867e81bd4f69c35893e3574a3f042d1132	rl_main=87BE216E92B19AD2044BF5DB1551A3D36BE3993ABBD456FDCF16FA379274610C	rl_checks=55301CD33DFCE8764A7E65564995A0E2DBC17E280558AFF5DE80FF11395C7F46	co_main=109346364F8886DA18F31EFD170F8D991AEF21ECD92D591408766815E1F7EF5F	co_checks=A68C99D77565BBE9468F412891DFB95EF0BF97C1D8A9282596317800D18079BD
before:coherence-main-2	head=8c2797867e81bd4f69c35893e3574a3f042d1132	rl_main=87BE216E92B19AD2044BF5DB1551A3D36BE3993ABBD456FDCF16FA379274610C	rl_checks=55301CD33DFCE8764A7E65564995A0E2DBC17E280558AFF5DE80FF11395C7F46	co_main=109346364F8886DA18F31EFD170F8D991AEF21ECD92D591408766815E1F7EF5F	co_checks=A68C99D77565BBE9468F412891DFB95EF0BF97C1D8A9282596317800D18079BD
after:coherence-main-2	head=8c2797867e81bd4f69c35893e3574a3f042d1132	rl_main=87BE216E92B19AD2044BF5DB1551A3D36BE3993ABBD456FDCF16FA379274610C	rl_checks=55301CD33DFCE8764A7E65564995A0E2DBC17E280558AFF5DE80FF11395C7F46	co_main=109346364F8886DA18F31EFD170F8D991AEF21ECD92D591408766815E1F7EF5F	co_checks=A68C99D77565BBE9468F412891DFB95EF0BF97C1D8A9282596317800D18079BD
before:coherence-checks-1	head=8c2797867e81bd4f69c35893e3574a3f042d1132	rl_main=87BE216E92B19AD2044BF5DB1551A3D36BE3993ABBD456FDCF16FA379274610C	rl_checks=55301CD33DFCE8764A7E65564995A0E2DBC17E280558AFF5DE80FF11395C7F46	co_main=109346364F8886DA18F31EFD170F8D991AEF21ECD92D591408766815E1F7EF5F	co_checks=A68C99D77565BBE9468F412891DFB95EF0BF97C1D8A9282596317800D18079BD
after:coherence-checks-1	head=8c2797867e81bd4f69c35893e3574a3f042d1132	rl_main=87BE216E92B19AD2044BF5DB1551A3D36BE3993ABBD456FDCF16FA379274610C	rl_checks=55301CD33DFCE8764A7E65564995A0E2DBC17E280558AFF5DE80FF11395C7F46	co_main=109346364F8886DA18F31EFD170F8D991AEF21ECD92D591408766815E1F7EF5F	co_checks=A68C99D77565BBE9468F412891DFB95EF0BF97C1D8A9282596317800D18079BD
before:coherence-checks-2	head=8c2797867e81bd4f69c35893e3574a3f042d1132	rl_main=87BE216E92B19AD2044BF5DB1551A3D36BE3993ABBD456FDCF16FA379274610C	rl_checks=55301CD33DFCE8764A7E65564995A0E2DBC17E280558AFF5DE80FF11395C7F46	co_main=109346364F8886DA18F31EFD170F8D991AEF21ECD92D591408766815E1F7EF5F	co_checks=A68C99D77565BBE9468F412891DFB95EF0BF97C1D8A9282596317800D18079BD
after:coherence-checks-2	head=8c2797867e81bd4f69c35893e3574a3f042d1132	rl_main=87BE216E92B19AD2044BF5DB1551A3D36BE3993ABBD456FDCF16FA379274610C	rl_checks=55301CD33DFCE8764A7E65564995A0E2DBC17E280558AFF5DE80FF11395C7F46	co_main=109346364F8886DA18F31EFD170F8D991AEF21ECD92D591408766815E1F7EF5F	co_checks=A68C99D77565BBE9468F412891DFB95EF0BF97C1D8A9282596317800D18079BD
final	head=8c2797867e81bd4f69c35893e3574a3f042d1132	rl_main=87BE216E92B19AD2044BF5DB1551A3D36BE3993ABBD456FDCF16FA379274610C	rl_checks=55301CD33DFCE8764A7E65564995A0E2DBC17E280558AFF5DE80FF11395C7F46	co_main=109346364F8886DA18F31EFD170F8D991AEF21ECD92D591408766815E1F7EF5F	co_checks=A68C99D77565BBE9468F412891DFB95EF0BF97C1D8A9282596317800D18079BD
finalize-before	head=8c2797867e81bd4f69c35893e3574a3f042d1132	rl_main=87BE216E92B19AD2044BF5DB1551A3D36BE3993ABBD456FDCF16FA379274610C	rl_checks=55301CD33DFCE8764A7E65564995A0E2DBC17E280558AFF5DE80FF11395C7F46	co_main=109346364F8886DA18F31EFD170F8D991AEF21ECD92D591408766815E1F7EF5F	co_checks=A68C99D77565BBE9468F412891DFB95EF0BF97C1D8A9282596317800D18079BD
finalize-after	head=8c2797867e81bd4f69c35893e3574a3f042d1132	rl_main=87BE216E92B19AD2044BF5DB1551A3D36BE3993ABBD456FDCF16FA379274610C	rl_checks=55301CD33DFCE8764A7E65564995A0E2DBC17E280558AFF5DE80FF11395C7F46	co_main=109346364F8886DA18F31EFD170F8D991AEF21ECD92D591408766815E1F7EF5F	co_checks=A68C99D77565BBE9468F412891DFB95EF0BF97C1D8A9282596317800D18079BD
