initial	head=52b57f29cd7d317bfa77a6d046f58ce3d44633a7	main=563831C5485F44DE298A0E896BD6A9843F5B338F8CDA428F15DFBFB9EB057074	checks=B9DA8EB5A89BDDA4F81FFA25D2B9D869E20B65978AD3A7ED8C344A131EDDBCA3
before:exception-repair	head=52b57f29cd7d317bfa77a6d046f58ce3d44633a7	main=563831C5485F44DE298A0E896BD6A9843F5B338F8CDA428F15DFBFB9EB057074	checks=B9DA8EB5A89BDDA4F81FFA25D2B9D869E20B65978AD3A7ED8C344A131EDDBCA3
after:exception-repair	head=52b57f29cd7d317bfa77a6d046f58ce3d44633a7	main=563831C5485F44DE298A0E896BD6A9843F5B338F8CDA428F15DFBFB9EB057074	checks=B9DA8EB5A89BDDA4F81FFA25D2B9D869E20B65978AD3A7ED8C344A131EDDBCA3
before:formula	head=52b57f29cd7d317bfa77a6d046f58ce3d44633a7	main=563831C5485F44DE298A0E896BD6A9843F5B338F8CDA428F15DFBFB9EB057074	checks=B9DA8EB5A89BDDA4F81FFA25D2B9D869E20B65978AD3A7ED8C344A131EDDBCA3
after:formula	head=52b57f29cd7d317bfa77a6d046f58ce3d44633a7	main=563831C5485F44DE298A0E896BD6A9843F5B338F8CDA428F15DFBFB9EB057074	checks=B9DA8EB5A89BDDA4F81FFA25D2B9D869E20B65978AD3A7ED8C344A131EDDBCA3
before:cmmsa-codec	head=52b57f29cd7d317bfa77a6d046f58ce3d44633a7	main=563831C5485F44DE298A0E896BD6A9843F5B338F8CDA428F15DFBFB9EB057074	checks=B9DA8EB5A89BDDA4F81FFA25D2B9D869E20B65978AD3A7ED8C344A131EDDBCA3
after:cmmsa-codec	head=52b57f29cd7d317bfa77a6d046f58ce3d44633a7	main=563831C5485F44DE298A0E896BD6A9843F5B338F8CDA428F15DFBFB9EB057074	checks=B9DA8EB5A89BDDA4F81FFA25D2B9D869E20B65978AD3A7ED8C344A131EDDBCA3
before:main-1	head=52b57f29cd7d317bfa77a6d046f58ce3d44633a7	main=563831C5485F44DE298A0E896BD6A9843F5B338F8CDA428F15DFBFB9EB057074	checks=B9DA8EB5A89BDDA4F81FFA25D2B9D869E20B65978AD3A7ED8C344A131EDDBCA3
after:main-1	head=52b57f29cd7d317bfa77a6d046f58ce3d44633a7	main=563831C5485F44DE298A0E896BD6A9843F5B338F8CDA428F15DFBFB9EB057074	checks=B9DA8EB5A89BDDA4F81FFA25D2B9D869E20B65978AD3A7ED8C344A131EDDBCA3
before:main-2	head=52b57f29cd7d317bfa77a6d046f58ce3d44633a7	main=563831C5485F44DE298A0E896BD6A9843F5B338F8CDA428F15DFBFB9EB057074	checks=B9DA8EB5A89BDDA4F81FFA25D2B9D869E20B65978AD3A7ED8C344A131EDDBCA3
after:main-2	head=52b57f29cd7d317bfa77a6d046f58ce3d44633a7	main=563831C5485F44DE298A0E896BD6A9843F5B338F8CDA428F15DFBFB9EB057074	checks=B9DA8EB5A89BDDA4F81FFA25D2B9D869E20B65978AD3A7ED8C344A131EDDBCA3
before:checks-1	head=52b57f29cd7d317bfa77a6d046f58ce3d44633a7	main=563831C5485F44DE298A0E896BD6A9843F5B338F8CDA428F15DFBFB9EB057074	checks=B9DA8EB5A89BDDA4F81FFA25D2B9D869E20B65978AD3A7ED8C344A131EDDBCA3
after:checks-1	head=52b57f29cd7d317bfa77a6d046f58ce3d44633a7	main=563831C5485F44DE298A0E896BD6A9843F5B338F8CDA428F15DFBFB9EB057074	checks=B9DA8EB5A89BDDA4F81FFA25D2B9D869E20B65978AD3A7ED8C344A131EDDBCA3
before:checks-2	head=52b57f29cd7d317bfa77a6d046f58ce3d44633a7	main=563831C5485F44DE298A0E896BD6A9843F5B338F8CDA428F15DFBFB9EB057074	checks=B9DA8EB5A89BDDA4F81FFA25D2B9D869E20B65978AD3A7ED8C344A131EDDBCA3
after:checks-2	head=52b57f29cd7d317bfa77a6d046f58ce3d44633a7	main=563831C5485F44DE298A0E896BD6A9843F5B338F8CDA428F15DFBFB9EB057074	checks=B9DA8EB5A89BDDA4F81FFA25D2B9D869E20B65978AD3A7ED8C344A131EDDBCA3
final	head=52b57f29cd7d317bfa77a6d046f58ce3d44633a7	main=563831C5485F44DE298A0E896BD6A9843F5B338F8CDA428F15DFBFB9EB057074	checks=B9DA8EB5A89BDDA4F81FFA25D2B9D869E20B65978AD3A7ED8C344A131EDDBCA3
finalize-before	head=52b57f29cd7d317bfa77a6d046f58ce3d44633a7	main=563831C5485F44DE298A0E896BD6A9843F5B338F8CDA428F15DFBFB9EB057074	checks=B9DA8EB5A89BDDA4F81FFA25D2B9D869E20B65978AD3A7ED8C344A131EDDBCA3
finalize-after	head=52b57f29cd7d317bfa77a6d046f58ce3d44633a7	main=563831C5485F44DE298A0E896BD6A9843F5B338F8CDA428F15DFBFB9EB057074	checks=B9DA8EB5A89BDDA4F81FFA25D2B9D869E20B65978AD3A7ED8C344A131EDDBCA3
