initial	head=c574bd9549543368f26902447a33c7c3427fef3e	main=192ABD6EA975620C5161FDEEB655F346488911A04CEB24970DBEBE8AE534E648	checks=2C8E0B3D1D80C024B7F68C6F6D5850F3E683D96970818460F89EAD638274097D
before:actual-star-question-support	head=c574bd9549543368f26902447a33c7c3427fef3e	main=192ABD6EA975620C5161FDEEB655F346488911A04CEB24970DBEBE8AE534E648	checks=2C8E0B3D1D80C024B7F68C6F6D5850F3E683D96970818460F89EAD638274097D
after:actual-star-question-support	head=c574bd9549543368f26902447a33c7c3427fef3e	main=192ABD6EA975620C5161FDEEB655F346488911A04CEB24970DBEBE8AE534E648	checks=2C8E0B3D1D80C024B7F68C6F6D5850F3E683D96970818460F89EAD638274097D
before:actual-star-span-intersection	head=c574bd9549543368f26902447a33c7c3427fef3e	main=192ABD6EA975620C5161FDEEB655F346488911A04CEB24970DBEBE8AE534E648	checks=2C8E0B3D1D80C024B7F68C6F6D5850F3E683D96970818460F89EAD638274097D
after:actual-star-span-intersection	head=c574bd9549543368f26902447a33c7c3427fef3e	main=192ABD6EA975620C5161FDEEB655F346488911A04CEB24970DBEBE8AE534E648	checks=2C8E0B3D1D80C024B7F68C6F6D5850F3E683D96970818460F89EAD638274097D
before:port-cycle-replacement	head=c574bd9549543368f26902447a33c7c3427fef3e	main=192ABD6EA975620C5161FDEEB655F346488911A04CEB24970DBEBE8AE534E648	checks=2C8E0B3D1D80C024B7F68C6F6D5850F3E683D96970818460F89EAD638274097D
after:port-cycle-replacement	head=c574bd9549543368f26902447a33c7c3427fef3e	main=192ABD6EA975620C5161FDEEB655F346488911A04CEB24970DBEBE8AE534E648	checks=2C8E0B3D1D80C024B7F68C6F6D5850F3E683D96970818460F89EAD638274097D
before:expander-cut-instantiation	head=c574bd9549543368f26902447a33c7c3427fef3e	main=192ABD6EA975620C5161FDEEB655F346488911A04CEB24970DBEBE8AE534E648	checks=2C8E0B3D1D80C024B7F68C6F6D5850F3E683D96970818460F89EAD638274097D
after:expander-cut-instantiation	head=c574bd9549543368f26902447a33c7c3427fef3e	main=192ABD6EA975620C5161FDEEB655F346488911A04CEB24970DBEBE8AE534E648	checks=2C8E0B3D1D80C024B7F68C6F6D5850F3E683D96970818460F89EAD638274097D
before:fixed-port-cycle-family	head=c574bd9549543368f26902447a33c7c3427fef3e	main=192ABD6EA975620C5161FDEEB655F346488911A04CEB24970DBEBE8AE534E648	checks=2C8E0B3D1D80C024B7F68C6F6D5850F3E683D96970818460F89EAD638274097D
after:fixed-port-cycle-family	head=c574bd9549543368f26902447a33c7c3427fef3e	main=192ABD6EA975620C5161FDEEB655F346488911A04CEB24970DBEBE8AE534E648	checks=2C8E0B3D1D80C024B7F68C6F6D5850F3E683D96970818460F89EAD638274097D
before:actual-graph-edges	head=c574bd9549543368f26902447a33c7c3427fef3e	main=192ABD6EA975620C5161FDEEB655F346488911A04CEB24970DBEBE8AE534E648	checks=2C8E0B3D1D80C024B7F68C6F6D5850F3E683D96970818460F89EAD638274097D
after:actual-graph-edges	head=c574bd9549543368f26902447a33c7c3427fef3e	main=192ABD6EA975620C5161FDEEB655F346488911A04CEB24970DBEBE8AE534E648	checks=2C8E0B3D1D80C024B7F68C6F6D5850F3E683D96970818460F89EAD638274097D
before:equality-gadget	head=c574bd9549543368f26902447a33c7c3427fef3e	main=192ABD6EA975620C5161FDEEB655F346488911A04CEB24970DBEBE8AE534E648	checks=2C8E0B3D1D80C024B7F68C6F6D5850F3E683D96970818460F89EAD638274097D
after:equality-gadget	head=c574bd9549543368f26902447a33c7c3427fef3e	main=192ABD6EA975620C5161FDEEB655F346488911A04CEB24970DBEBE8AE534E648	checks=2C8E0B3D1D80C024B7F68C6F6D5850F3E683D96970818460F89EAD638274097D
before:actual-equality-cloud	head=c574bd9549543368f26902447a33c7c3427fef3e	main=192ABD6EA975620C5161FDEEB655F346488911A04CEB24970DBEBE8AE534E648	checks=2C8E0B3D1D80C024B7F68C6F6D5850F3E683D96970818460F89EAD638274097D
after:actual-equality-cloud	head=c574bd9549543368f26902447a33c7c3427fef3e	main=192ABD6EA975620C5161FDEEB655F346488911A04CEB24970DBEBE8AE534E648	checks=2C8E0B3D1D80C024B7F68C6F6D5850F3E683D96970818460F89EAD638274097D
before:actual-occurrence-allocation	head=c574bd9549543368f26902447a33c7c3427fef3e	main=192ABD6EA975620C5161FDEEB655F346488911A04CEB24970DBEBE8AE534E648	checks=2C8E0B3D1D80C024B7F68C6F6D5850F3E683D96970818460F89EAD638274097D
after:actual-occurrence-allocation	head=c574bd9549543368f26902447a33c7c3427fef3e	main=192ABD6EA975620C5161FDEEB655F346488911A04CEB24970DBEBE8AE534E648	checks=2C8E0B3D1D80C024B7F68C6F6D5850F3E683D96970818460F89EAD638274097D
before:actual-occurrence-counts	head=c574bd9549543368f26902447a33c7c3427fef3e	main=192ABD6EA975620C5161FDEEB655F346488911A04CEB24970DBEBE8AE534E648	checks=2C8E0B3D1D80C024B7F68C6F6D5850F3E683D96970818460F89EAD638274097D
after:actual-occurrence-counts	head=c574bd9549543368f26902447a33c7c3427fef3e	main=192ABD6EA975620C5161FDEEB655F346488911A04CEB24970DBEBE8AE534E648	checks=2C8E0B3D1D80C024B7F68C6F6D5850F3E683D96970818460F89EAD638274097D
before:actual-finite-3lin-source	head=c574bd9549543368f26902447a33c7c3427fef3e	main=192ABD6EA975620C5161FDEEB655F346488911A04CEB24970DBEBE8AE534E648	checks=2C8E0B3D1D80C024B7F68C6F6D5850F3E683D96970818460F89EAD638274097D
after:actual-finite-3lin-source	head=c574bd9549543368f26902447a33c7c3427fef3e	main=192ABD6EA975620C5161FDEEB655F346488911A04CEB24970DBEBE8AE534E648	checks=2C8E0B3D1D80C024B7F68C6F6D5850F3E683D96970818460F89EAD638274097D
before:actual-rhs-functional-construction	head=c574bd9549543368f26902447a33c7c3427fef3e	main=192ABD6EA975620C5161FDEEB655F346488911A04CEB24970DBEBE8AE534E648	checks=2C8E0B3D1D80C024B7F68C6F6D5850F3E683D96970818460F89EAD638274097D
after:actual-rhs-functional-construction	head=c574bd9549543368f26902447a33c7c3427fef3e	main=192ABD6EA975620C5161FDEEB655F346488911A04CEB24970DBEBE8AE534E648	checks=2C8E0B3D1D80C024B7F68C6F6D5850F3E683D96970818460F89EAD638274097D
before:actual-star-side-condition-agreement	head=c574bd9549543368f26902447a33c7c3427fef3e	main=192ABD6EA975620C5161FDEEB655F346488911A04CEB24970DBEBE8AE534E648	checks=2C8E0B3D1D80C024B7F68C6F6D5850F3E683D96970818460F89EAD638274097D
after:actual-star-side-condition-agreement	head=c574bd9549543368f26902447a33c7c3427fef3e	main=192ABD6EA975620C5161FDEEB655F346488911A04CEB24970DBEBE8AE534E648	checks=2C8E0B3D1D80C024B7F68C6F6D5850F3E683D96970818460F89EAD638274097D
before:actual-compatible-rhs-functional	head=c574bd9549543368f26902447a33c7c3427fef3e	main=192ABD6EA975620C5161FDEEB655F346488911A04CEB24970DBEBE8AE534E648	checks=2C8E0B3D1D80C024B7F68C6F6D5850F3E683D96970818460F89EAD638274097D
after:actual-compatible-rhs-functional	head=c574bd9549543368f26902447a33c7c3427fef3e	main=192ABD6EA975620C5161FDEEB655F346488911A04CEB24970DBEBE8AE534E648	checks=2C8E0B3D1D80C024B7F68C6F6D5850F3E683D96970818460F89EAD638274097D
before:submodule-functional-gluing	head=c574bd9549543368f26902447a33c7c3427fef3e	main=192ABD6EA975620C5161FDEEB655F346488911A04CEB24970DBEBE8AE534E648	checks=2C8E0B3D1D80C024B7F68C6F6D5850F3E683D96970818460F89EAD638274097D
after:submodule-functional-gluing	head=c574bd9549543368f26902447a33c7c3427fef3e	main=192ABD6EA975620C5161FDEEB655F346488911A04CEB24970DBEBE8AE534E648	checks=2C8E0B3D1D80C024B7F68C6F6D5850F3E683D96970818460F89EAD638274097D
before:actual-presented-leaf-gluing	head=c574bd9549543368f26902447a33c7c3427fef3e	main=192ABD6EA975620C5161FDEEB655F346488911A04CEB24970DBEBE8AE534E648	checks=2C8E0B3D1D80C024B7F68C6F6D5850F3E683D96970818460F89EAD638274097D
after:actual-presented-leaf-gluing	head=c574bd9549543368f26902447a33c7c3427fef3e	main=192ABD6EA975620C5161FDEEB655F346488911A04CEB24970DBEBE8AE534E648	checks=2C8E0B3D1D80C024B7F68C6F6D5850F3E683D96970818460F89EAD638274097D
before:actual-leaf-transport	head=c574bd9549543368f26902447a33c7c3427fef3e	main=192ABD6EA975620C5161FDEEB655F346488911A04CEB24970DBEBE8AE534E648	checks=2C8E0B3D1D80C024B7F68C6F6D5850F3E683D96970818460F89EAD638274097D
after:actual-leaf-transport	head=c574bd9549543368f26902447a33c7c3427fef3e	main=192ABD6EA975620C5161FDEEB655F346488911A04CEB24970DBEBE8AE534E648	checks=2C8E0B3D1D80C024B7F68C6F6D5850F3E683D96970818460F89EAD638274097D
before:actual-leaf-relation-laws	head=c574bd9549543368f26902447a33c7c3427fef3e	main=192ABD6EA975620C5161FDEEB655F346488911A04CEB24970DBEBE8AE534E648	checks=2C8E0B3D1D80C024B7F68C6F6D5850F3E683D96970818460F89EAD638274097D
after:actual-leaf-relation-laws	head=c574bd9549543368f26902447a33c7c3427fef3e	main=192ABD6EA975620C5161FDEEB655F346488911A04CEB24970DBEBE8AE534E648	checks=2C8E0B3D1D80C024B7F68C6F6D5850F3E683D96970818460F89EAD638274097D
before:actual-leaf-transport-coherence	head=c574bd9549543368f26902447a33c7c3427fef3e	main=192ABD6EA975620C5161FDEEB655F346488911A04CEB24970DBEBE8AE534E648	checks=2C8E0B3D1D80C024B7F68C6F6D5850F3E683D96970818460F89EAD638274097D
after:actual-leaf-transport-coherence	head=c574bd9549543368f26902447a33c7c3427fef3e	main=192ABD6EA975620C5161FDEEB655F346488911A04CEB24970DBEBE8AE534E648	checks=2C8E0B3D1D80C024B7F68C6F6D5850F3E683D96970818460F89EAD638274097D
before:actual-leaf-presentation-descent	head=c574bd9549543368f26902447a33c7c3427fef3e	main=192ABD6EA975620C5161FDEEB655F346488911A04CEB24970DBEBE8AE534E648	checks=2C8E0B3D1D80C024B7F68C6F6D5850F3E683D96970818460F89EAD638274097D
after:actual-leaf-presentation-descent	head=c574bd9549543368f26902447a33c7c3427fef3e	main=192ABD6EA975620C5161FDEEB655F346488911A04CEB24970DBEBE8AE534E648	checks=2C8E0B3D1D80C024B7F68C6F6D5850F3E683D96970818460F89EAD638274097D
before:actual-leaf-center-restriction	head=c574bd9549543368f26902447a33c7c3427fef3e	main=192ABD6EA975620C5161FDEEB655F346488911A04CEB24970DBEBE8AE534E648	checks=2C8E0B3D1D80C024B7F68C6F6D5850F3E683D96970818460F89EAD638274097D
after:actual-leaf-center-restriction	head=c574bd9549543368f26902447a33c7c3427fef3e	main=192ABD6EA975620C5161FDEEB655F346488911A04CEB24970DBEBE8AE534E648	checks=2C8E0B3D1D80C024B7F68C6F6D5850F3E683D96970818460F89EAD638274097D
before:actual-leaf-representative-sampler	head=c574bd9549543368f26902447a33c7c3427fef3e	main=192ABD6EA975620C5161FDEEB655F346488911A04CEB24970DBEBE8AE534E648	checks=2C8E0B3D1D80C024B7F68C6F6D5850F3E683D96970818460F89EAD638274097D
after:actual-leaf-representative-sampler	head=c574bd9549543368f26902447a33c7c3427fef3e	main=192ABD6EA975620C5161FDEEB655F346488911A04CEB24970DBEBE8AE534E648	checks=2C8E0B3D1D80C024B7F68C6F6D5850F3E683D96970818460F89EAD638274097D
before:actual-leaf-rejection-union	head=c574bd9549543368f26902447a33c7c3427fef3e	main=192ABD6EA975620C5161FDEEB655F346488911A04CEB24970DBEBE8AE534E648	checks=2C8E0B3D1D80C024B7F68C6F6D5850F3E683D96970818460F89EAD638274097D
after:actual-leaf-rejection-union	head=c574bd9549543368f26902447a33c7c3427fef3e	main=192ABD6EA975620C5161FDEEB655F346488911A04CEB24970DBEBE8AE534E648	checks=2C8E0B3D1D80C024B7F68C6F6D5850F3E683D96970818460F89EAD638274097D
before:actual-leaf-rejection-union-checks	head=c574bd9549543368f26902447a33c7c3427fef3e	main=192ABD6EA975620C5161FDEEB655F346488911A04CEB24970DBEBE8AE534E648	checks=2C8E0B3D1D80C024B7F68C6F6D5850F3E683D96970818460F89EAD638274097D
after:actual-leaf-rejection-union-checks	head=c574bd9549543368f26902447a33c7c3427fef3e	main=192ABD6EA975620C5161FDEEB655F346488911A04CEB24970DBEBE8AE534E648	checks=2C8E0B3D1D80C024B7F68C6F6D5850F3E683D96970818460F89EAD638274097D
before:actual-star-acceptance	head=c574bd9549543368f26902447a33c7c3427fef3e	main=192ABD6EA975620C5161FDEEB655F346488911A04CEB24970DBEBE8AE534E648	checks=2C8E0B3D1D80C024B7F68C6F6D5850F3E683D96970818460F89EAD638274097D
after:actual-star-acceptance	head=c574bd9549543368f26902447a33c7c3427fef3e	main=192ABD6EA975620C5161FDEEB655F346488911A04CEB24970DBEBE8AE534E648	checks=2C8E0B3D1D80C024B7F68C6F6D5850F3E683D96970818460F89EAD638274097D
before:main-1	head=c574bd9549543368f26902447a33c7c3427fef3e	main=192ABD6EA975620C5161FDEEB655F346488911A04CEB24970DBEBE8AE534E648	checks=2C8E0B3D1D80C024B7F68C6F6D5850F3E683D96970818460F89EAD638274097D
after:main-1	head=c574bd9549543368f26902447a33c7c3427fef3e	main=192ABD6EA975620C5161FDEEB655F346488911A04CEB24970DBEBE8AE534E648	checks=2C8E0B3D1D80C024B7F68C6F6D5850F3E683D96970818460F89EAD638274097D
before:main-2	head=c574bd9549543368f26902447a33c7c3427fef3e	main=192ABD6EA975620C5161FDEEB655F346488911A04CEB24970DBEBE8AE534E648	checks=2C8E0B3D1D80C024B7F68C6F6D5850F3E683D96970818460F89EAD638274097D
after:main-2	head=c574bd9549543368f26902447a33c7c3427fef3e	main=192ABD6EA975620C5161FDEEB655F346488911A04CEB24970DBEBE8AE534E648	checks=2C8E0B3D1D80C024B7F68C6F6D5850F3E683D96970818460F89EAD638274097D
before:checks-1	head=c574bd9549543368f26902447a33c7c3427fef3e	main=192ABD6EA975620C5161FDEEB655F346488911A04CEB24970DBEBE8AE534E648	checks=2C8E0B3D1D80C024B7F68C6F6D5850F3E683D96970818460F89EAD638274097D
after:checks-1	head=c574bd9549543368f26902447a33c7c3427fef3e	main=192ABD6EA975620C5161FDEEB655F346488911A04CEB24970DBEBE8AE534E648	checks=2C8E0B3D1D80C024B7F68C6F6D5850F3E683D96970818460F89EAD638274097D
before:checks-2	head=c574bd9549543368f26902447a33c7c3427fef3e	main=192ABD6EA975620C5161FDEEB655F346488911A04CEB24970DBEBE8AE534E648	checks=2C8E0B3D1D80C024B7F68C6F6D5850F3E683D96970818460F89EAD638274097D
after:checks-2	head=c574bd9549543368f26902447a33c7c3427fef3e	main=192ABD6EA975620C5161FDEEB655F346488911A04CEB24970DBEBE8AE534E648	checks=2C8E0B3D1D80C024B7F68C6F6D5850F3E683D96970818460F89EAD638274097D
final	head=c574bd9549543368f26902447a33c7c3427fef3e	main=192ABD6EA975620C5161FDEEB655F346488911A04CEB24970DBEBE8AE534E648	checks=2C8E0B3D1D80C024B7F68C6F6D5850F3E683D96970818460F89EAD638274097D
finalize-before	head=c574bd9549543368f26902447a33c7c3427fef3e	main=192ABD6EA975620C5161FDEEB655F346488911A04CEB24970DBEBE8AE534E648	checks=2C8E0B3D1D80C024B7F68C6F6D5850F3E683D96970818460F89EAD638274097D
finalize-after	head=c574bd9549543368f26902447a33c7c3427fef3e	main=192ABD6EA975620C5161FDEEB655F346488911A04CEB24970DBEBE8AE534E648	checks=2C8E0B3D1D80C024B7F68C6F6D5850F3E683D96970818460F89EAD638274097D
