initial	head=10c3b9b9653852f56e300fc2b8cc202ece2dbf71	main=C62AAE87A1A4319198D648A431206750C3F48F8562590DAB56DDBA962678ABAF	checks=CE241ECFC419AC0D93E7A703B7980BBE92BFDD4613F6EDB6452A1E5524FF2029
before:exception-repair	head=10c3b9b9653852f56e300fc2b8cc202ece2dbf71	main=C62AAE87A1A4319198D648A431206750C3F48F8562590DAB56DDBA962678ABAF	checks=CE241ECFC419AC0D93E7A703B7980BBE92BFDD4613F6EDB6452A1E5524FF2029
after:exception-repair	head=10c3b9b9653852f56e300fc2b8cc202ece2dbf71	main=C62AAE87A1A4319198D648A431206750C3F48F8562590DAB56DDBA962678ABAF	checks=CE241ECFC419AC0D93E7A703B7980BBE92BFDD4613F6EDB6452A1E5524FF2029
before:formula	head=10c3b9b9653852f56e300fc2b8cc202ece2dbf71	main=C62AAE87A1A4319198D648A431206750C3F48F8562590DAB56DDBA962678ABAF	checks=CE241ECFC419AC0D93E7A703B7980BBE92BFDD4613F6EDB6452A1E5524FF2029
after:formula	head=10c3b9b9653852f56e300fc2b8cc202ece2dbf71	main=C62AAE87A1A4319198D648A431206750C3F48F8562590DAB56DDBA962678ABAF	checks=CE241ECFC419AC0D93E7A703B7980BBE92BFDD4613F6EDB6452A1E5524FF2029
before:cmmsa-codec	head=10c3b9b9653852f56e300fc2b8cc202ece2dbf71	main=C62AAE87A1A4319198D648A431206750C3F48F8562590DAB56DDBA962678ABAF	checks=CE241ECFC419AC0D93E7A703B7980BBE92BFDD4613F6EDB6452A1E5524FF2029
after:cmmsa-codec	head=10c3b9b9653852f56e300fc2b8cc202ece2dbf71	main=C62AAE87A1A4319198D648A431206750C3F48F8562590DAB56DDBA962678ABAF	checks=CE241ECFC419AC0D93E7A703B7980BBE92BFDD4613F6EDB6452A1E5524FF2029
before:randomized-reduction	head=10c3b9b9653852f56e300fc2b8cc202ece2dbf71	main=C62AAE87A1A4319198D648A431206750C3F48F8562590DAB56DDBA962678ABAF	checks=CE241ECFC419AC0D93E7A703B7980BBE92BFDD4613F6EDB6452A1E5524FF2029
after:randomized-reduction	head=10c3b9b9653852f56e300fc2b8cc202ece2dbf71	main=C62AAE87A1A4319198D648A431206750C3F48F8562590DAB56DDBA962678ABAF	checks=CE241ECFC419AC0D93E7A703B7980BBE92BFDD4613F6EDB6452A1E5524FF2029
before:randomized-reduction-assembly	head=10c3b9b9653852f56e300fc2b8cc202ece2dbf71	main=C62AAE87A1A4319198D648A431206750C3F48F8562590DAB56DDBA962678ABAF	checks=CE241ECFC419AC0D93E7A703B7980BBE92BFDD4613F6EDB6452A1E5524FF2029
after:randomized-reduction-assembly	head=10c3b9b9653852f56e300fc2b8cc202ece2dbf71	main=C62AAE87A1A4319198D648A431206750C3F48F8562590DAB56DDBA962678ABAF	checks=CE241ECFC419AC0D93E7A703B7980BBE92BFDD4613F6EDB6452A1E5524FF2029
before:actual-cmmsa-randomized-reduction	head=10c3b9b9653852f56e300fc2b8cc202ece2dbf71	main=C62AAE87A1A4319198D648A431206750C3F48F8562590DAB56DDBA962678ABAF	checks=CE241ECFC419AC0D93E7A703B7980BBE92BFDD4613F6EDB6452A1E5524FF2029
after:actual-cmmsa-randomized-reduction	head=10c3b9b9653852f56e300fc2b8cc202ece2dbf71	main=C62AAE87A1A4319198D648A431206750C3F48F8562590DAB56DDBA962678ABAF	checks=CE241ECFC419AC0D93E7A703B7980BBE92BFDD4613F6EDB6452A1E5524FF2029
before:main-1	head=10c3b9b9653852f56e300fc2b8cc202ece2dbf71	main=C62AAE87A1A4319198D648A431206750C3F48F8562590DAB56DDBA962678ABAF	checks=CE241ECFC419AC0D93E7A703B7980BBE92BFDD4613F6EDB6452A1E5524FF2029
after:main-1	head=10c3b9b9653852f56e300fc2b8cc202ece2dbf71	main=C62AAE87A1A4319198D648A431206750C3F48F8562590DAB56DDBA962678ABAF	checks=CE241ECFC419AC0D93E7A703B7980BBE92BFDD4613F6EDB6452A1E5524FF2029
before:main-2	head=10c3b9b9653852f56e300fc2b8cc202ece2dbf71	main=C62AAE87A1A4319198D648A431206750C3F48F8562590DAB56DDBA962678ABAF	checks=CE241ECFC419AC0D93E7A703B7980BBE92BFDD4613F6EDB6452A1E5524FF2029
after:main-2	head=10c3b9b9653852f56e300fc2b8cc202ece2dbf71	main=C62AAE87A1A4319198D648A431206750C3F48F8562590DAB56DDBA962678ABAF	checks=CE241ECFC419AC0D93E7A703B7980BBE92BFDD4613F6EDB6452A1E5524FF2029
before:checks-1	head=10c3b9b9653852f56e300fc2b8cc202ece2dbf71	main=C62AAE87A1A4319198D648A431206750C3F48F8562590DAB56DDBA962678ABAF	checks=CE241ECFC419AC0D93E7A703B7980BBE92BFDD4613F6EDB6452A1E5524FF2029
after:checks-1	head=10c3b9b9653852f56e300fc2b8cc202ece2dbf71	main=C62AAE87A1A4319198D648A431206750C3F48F8562590DAB56DDBA962678ABAF	checks=CE241ECFC419AC0D93E7A703B7980BBE92BFDD4613F6EDB6452A1E5524FF2029
before:checks-2	head=10c3b9b9653852f56e300fc2b8cc202ece2dbf71	main=C62AAE87A1A4319198D648A431206750C3F48F8562590DAB56DDBA962678ABAF	checks=CE241ECFC419AC0D93E7A703B7980BBE92BFDD4613F6EDB6452A1E5524FF2029
after:checks-2	head=10c3b9b9653852f56e300fc2b8cc202ece2dbf71	main=C62AAE87A1A4319198D648A431206750C3F48F8562590DAB56DDBA962678ABAF	checks=CE241ECFC419AC0D93E7A703B7980BBE92BFDD4613F6EDB6452A1E5524FF2029
final	head=10c3b9b9653852f56e300fc2b8cc202ece2dbf71	main=C62AAE87A1A4319198D648A431206750C3F48F8562590DAB56DDBA962678ABAF	checks=CE241ECFC419AC0D93E7A703B7980BBE92BFDD4613F6EDB6452A1E5524FF2029
finalize-before	head=10c3b9b9653852f56e300fc2b8cc202ece2dbf71	main=C62AAE87A1A4319198D648A431206750C3F48F8562590DAB56DDBA962678ABAF	checks=CE241ECFC419AC0D93E7A703B7980BBE92BFDD4613F6EDB6452A1E5524FF2029
finalize-after	head=10c3b9b9653852f56e300fc2b8cc202ece2dbf71	main=C62AAE87A1A4319198D648A431206750C3F48F8562590DAB56DDBA962678ABAF	checks=CE241ECFC419AC0D93E7A703B7980BBE92BFDD4613F6EDB6452A1E5524FF2029
