initial	head=c0583486d30e65fa3c672a21b163be6f5c1c5b0e	main=9CDDC139FCF64A07A4E759AD8F5AA78337123FB0EA131E77924421FC4F776283	checks=BF1C7E8BAA430A75CDC94F6E5DE8A68406000C8E23CE0D4955B18546B7390850
before:exception-repair	head=c0583486d30e65fa3c672a21b163be6f5c1c5b0e	main=9CDDC139FCF64A07A4E759AD8F5AA78337123FB0EA131E77924421FC4F776283	checks=BF1C7E8BAA430A75CDC94F6E5DE8A68406000C8E23CE0D4955B18546B7390850
after:exception-repair	head=c0583486d30e65fa3c672a21b163be6f5c1c5b0e	main=9CDDC139FCF64A07A4E759AD8F5AA78337123FB0EA131E77924421FC4F776283	checks=BF1C7E8BAA430A75CDC94F6E5DE8A68406000C8E23CE0D4955B18546B7390850
before:formula	head=c0583486d30e65fa3c672a21b163be6f5c1c5b0e	main=9CDDC139FCF64A07A4E759AD8F5AA78337123FB0EA131E77924421FC4F776283	checks=BF1C7E8BAA430A75CDC94F6E5DE8A68406000C8E23CE0D4955B18546B7390850
after:formula	head=c0583486d30e65fa3c672a21b163be6f5c1c5b0e	main=9CDDC139FCF64A07A4E759AD8F5AA78337123FB0EA131E77924421FC4F776283	checks=BF1C7E8BAA430A75CDC94F6E5DE8A68406000C8E23CE0D4955B18546B7390850
before:cmmsa-codec	head=c0583486d30e65fa3c672a21b163be6f5c1c5b0e	main=9CDDC139FCF64A07A4E759AD8F5AA78337123FB0EA131E77924421FC4F776283	checks=BF1C7E8BAA430A75CDC94F6E5DE8A68406000C8E23CE0D4955B18546B7390850
after:cmmsa-codec	head=c0583486d30e65fa3c672a21b163be6f5c1c5b0e	main=9CDDC139FCF64A07A4E759AD8F5AA78337123FB0EA131E77924421FC4F776283	checks=BF1C7E8BAA430A75CDC94F6E5DE8A68406000C8E23CE0D4955B18546B7390850
before:randomized-reduction	head=c0583486d30e65fa3c672a21b163be6f5c1c5b0e	main=9CDDC139FCF64A07A4E759AD8F5AA78337123FB0EA131E77924421FC4F776283	checks=BF1C7E8BAA430A75CDC94F6E5DE8A68406000C8E23CE0D4955B18546B7390850
after:randomized-reduction	head=c0583486d30e65fa3c672a21b163be6f5c1c5b0e	main=9CDDC139FCF64A07A4E759AD8F5AA78337123FB0EA131E77924421FC4F776283	checks=BF1C7E8BAA430A75CDC94F6E5DE8A68406000C8E23CE0D4955B18546B7390850
before:randomized-reduction-assembly	head=c0583486d30e65fa3c672a21b163be6f5c1c5b0e	main=9CDDC139FCF64A07A4E759AD8F5AA78337123FB0EA131E77924421FC4F776283	checks=BF1C7E8BAA430A75CDC94F6E5DE8A68406000C8E23CE0D4955B18546B7390850
after:randomized-reduction-assembly	head=c0583486d30e65fa3c672a21b163be6f5c1c5b0e	main=9CDDC139FCF64A07A4E759AD8F5AA78337123FB0EA131E77924421FC4F776283	checks=BF1C7E8BAA430A75CDC94F6E5DE8A68406000C8E23CE0D4955B18546B7390850
before:main-1	head=c0583486d30e65fa3c672a21b163be6f5c1c5b0e	main=9CDDC139FCF64A07A4E759AD8F5AA78337123FB0EA131E77924421FC4F776283	checks=BF1C7E8BAA430A75CDC94F6E5DE8A68406000C8E23CE0D4955B18546B7390850
after:main-1	head=c0583486d30e65fa3c672a21b163be6f5c1c5b0e	main=9CDDC139FCF64A07A4E759AD8F5AA78337123FB0EA131E77924421FC4F776283	checks=BF1C7E8BAA430A75CDC94F6E5DE8A68406000C8E23CE0D4955B18546B7390850
before:main-2	head=c0583486d30e65fa3c672a21b163be6f5c1c5b0e	main=9CDDC139FCF64A07A4E759AD8F5AA78337123FB0EA131E77924421FC4F776283	checks=BF1C7E8BAA430A75CDC94F6E5DE8A68406000C8E23CE0D4955B18546B7390850
after:main-2	head=c0583486d30e65fa3c672a21b163be6f5c1c5b0e	main=9CDDC139FCF64A07A4E759AD8F5AA78337123FB0EA131E77924421FC4F776283	checks=BF1C7E8BAA430A75CDC94F6E5DE8A68406000C8E23CE0D4955B18546B7390850
before:checks-1	head=c0583486d30e65fa3c672a21b163be6f5c1c5b0e	main=9CDDC139FCF64A07A4E759AD8F5AA78337123FB0EA131E77924421FC4F776283	checks=BF1C7E8BAA430A75CDC94F6E5DE8A68406000C8E23CE0D4955B18546B7390850
after:checks-1	head=c0583486d30e65fa3c672a21b163be6f5c1c5b0e	main=9CDDC139FCF64A07A4E759AD8F5AA78337123FB0EA131E77924421FC4F776283	checks=BF1C7E8BAA430A75CDC94F6E5DE8A68406000C8E23CE0D4955B18546B7390850
before:checks-2	head=c0583486d30e65fa3c672a21b163be6f5c1c5b0e	main=9CDDC139FCF64A07A4E759AD8F5AA78337123FB0EA131E77924421FC4F776283	checks=BF1C7E8BAA430A75CDC94F6E5DE8A68406000C8E23CE0D4955B18546B7390850
after:checks-2	head=c0583486d30e65fa3c672a21b163be6f5c1c5b0e	main=9CDDC139FCF64A07A4E759AD8F5AA78337123FB0EA131E77924421FC4F776283	checks=BF1C7E8BAA430A75CDC94F6E5DE8A68406000C8E23CE0D4955B18546B7390850
final	head=c0583486d30e65fa3c672a21b163be6f5c1c5b0e	main=9CDDC139FCF64A07A4E759AD8F5AA78337123FB0EA131E77924421FC4F776283	checks=BF1C7E8BAA430A75CDC94F6E5DE8A68406000C8E23CE0D4955B18546B7390850
finalize-before	head=c0583486d30e65fa3c672a21b163be6f5c1c5b0e	main=9CDDC139FCF64A07A4E759AD8F5AA78337123FB0EA131E77924421FC4F776283	checks=BF1C7E8BAA430A75CDC94F6E5DE8A68406000C8E23CE0D4955B18546B7390850
finalize-after	head=c0583486d30e65fa3c672a21b163be6f5c1c5b0e	main=9CDDC139FCF64A07A4E759AD8F5AA78337123FB0EA131E77924421FC4F776283	checks=BF1C7E8BAA430A75CDC94F6E5DE8A68406000C8E23CE0D4955B18546B7390850
