initial	head=38d9ad0df63e42cea9190657f836822892184010	main=A0EFD901492C1D0DDB0012B3CDF545B06C51574812F5AC894257309E0B560786	checks=3F4971152605229124AB5D1EF04D6758FF89589F8B42F4E843CC2138D5A5136C
before:exception-repair	head=38d9ad0df63e42cea9190657f836822892184010	main=A0EFD901492C1D0DDB0012B3CDF545B06C51574812F5AC894257309E0B560786	checks=3F4971152605229124AB5D1EF04D6758FF89589F8B42F4E843CC2138D5A5136C
after:exception-repair	head=38d9ad0df63e42cea9190657f836822892184010	main=A0EFD901492C1D0DDB0012B3CDF545B06C51574812F5AC894257309E0B560786	checks=3F4971152605229124AB5D1EF04D6758FF89589F8B42F4E843CC2138D5A5136C
before:formula	head=38d9ad0df63e42cea9190657f836822892184010	main=A0EFD901492C1D0DDB0012B3CDF545B06C51574812F5AC894257309E0B560786	checks=3F4971152605229124AB5D1EF04D6758FF89589F8B42F4E843CC2138D5A5136C
after:formula	head=38d9ad0df63e42cea9190657f836822892184010	main=A0EFD901492C1D0DDB0012B3CDF545B06C51574812F5AC894257309E0B560786	checks=3F4971152605229124AB5D1EF04D6758FF89589F8B42F4E843CC2138D5A5136C
before:cmmsa-codec	head=38d9ad0df63e42cea9190657f836822892184010	main=A0EFD901492C1D0DDB0012B3CDF545B06C51574812F5AC894257309E0B560786	checks=3F4971152605229124AB5D1EF04D6758FF89589F8B42F4E843CC2138D5A5136C
after:cmmsa-codec	head=38d9ad0df63e42cea9190657f836822892184010	main=A0EFD901492C1D0DDB0012B3CDF545B06C51574812F5AC894257309E0B560786	checks=3F4971152605229124AB5D1EF04D6758FF89589F8B42F4E843CC2138D5A5136C
before:weight-rounding	head=38d9ad0df63e42cea9190657f836822892184010	main=A0EFD901492C1D0DDB0012B3CDF545B06C51574812F5AC894257309E0B560786	checks=3F4971152605229124AB5D1EF04D6758FF89589F8B42F4E843CC2138D5A5136C
after:weight-rounding	head=38d9ad0df63e42cea9190657f836822892184010	main=A0EFD901492C1D0DDB0012B3CDF545B06C51574812F5AC894257309E0B560786	checks=3F4971152605229124AB5D1EF04D6758FF89589F8B42F4E843CC2138D5A5136C
before:finite-sampling	head=38d9ad0df63e42cea9190657f836822892184010	main=A0EFD901492C1D0DDB0012B3CDF545B06C51574812F5AC894257309E0B560786	checks=3F4971152605229124AB5D1EF04D6758FF89589F8B42F4E843CC2138D5A5136C
after:finite-sampling	head=38d9ad0df63e42cea9190657f836822892184010	main=A0EFD901492C1D0DDB0012B3CDF545B06C51574812F5AC894257309E0B560786	checks=3F4971152605229124AB5D1EF04D6758FF89589F8B42F4E843CC2138D5A5136C
before:bernoulli-mgf	head=38d9ad0df63e42cea9190657f836822892184010	main=A0EFD901492C1D0DDB0012B3CDF545B06C51574812F5AC894257309E0B560786	checks=3F4971152605229124AB5D1EF04D6758FF89589F8B42F4E843CC2138D5A5136C
after:bernoulli-mgf	head=38d9ad0df63e42cea9190657f836822892184010	main=A0EFD901492C1D0DDB0012B3CDF545B06C51574812F5AC894257309E0B560786	checks=3F4971152605229124AB5D1EF04D6758FF89589F8B42F4E843CC2138D5A5136C
before:finite-concentration	head=38d9ad0df63e42cea9190657f836822892184010	main=A0EFD901492C1D0DDB0012B3CDF545B06C51574812F5AC894257309E0B560786	checks=3F4971152605229124AB5D1EF04D6758FF89589F8B42F4E843CC2138D5A5136C
after:finite-concentration	head=38d9ad0df63e42cea9190657f836822892184010	main=A0EFD901492C1D0DDB0012B3CDF545B06C51574812F5AC894257309E0B560786	checks=3F4971152605229124AB5D1EF04D6758FF89589F8B42F4E843CC2138D5A5136C
before:inverse-cdf-sampler	head=38d9ad0df63e42cea9190657f836822892184010	main=A0EFD901492C1D0DDB0012B3CDF545B06C51574812F5AC894257309E0B560786	checks=3F4971152605229124AB5D1EF04D6758FF89589F8B42F4E843CC2138D5A5136C
after:inverse-cdf-sampler	head=38d9ad0df63e42cea9190657f836822892184010	main=A0EFD901492C1D0DDB0012B3CDF545B06C51574812F5AC894257309E0B560786	checks=3F4971152605229124AB5D1EF04D6758FF89589F8B42F4E843CC2138D5A5136C
before:joint-sampling-law	head=38d9ad0df63e42cea9190657f836822892184010	main=A0EFD901492C1D0DDB0012B3CDF545B06C51574812F5AC894257309E0B560786	checks=3F4971152605229124AB5D1EF04D6758FF89589F8B42F4E843CC2138D5A5136C
after:joint-sampling-law	head=38d9ad0df63e42cea9190657f836822892184010	main=A0EFD901492C1D0DDB0012B3CDF545B06C51574812F5AC894257309E0B560786	checks=3F4971152605229124AB5D1EF04D6758FF89589F8B42F4E843CC2138D5A5136C
before:sampling-threshold	head=38d9ad0df63e42cea9190657f836822892184010	main=A0EFD901492C1D0DDB0012B3CDF545B06C51574812F5AC894257309E0B560786	checks=3F4971152605229124AB5D1EF04D6758FF89589F8B42F4E843CC2138D5A5136C
after:sampling-threshold	head=38d9ad0df63e42cea9190657f836822892184010	main=A0EFD901492C1D0DDB0012B3CDF545B06C51574812F5AC894257309E0B560786	checks=3F4971152605229124AB5D1EF04D6758FF89589F8B42F4E843CC2138D5A5136C
before:computable-sample-count	head=38d9ad0df63e42cea9190657f836822892184010	main=A0EFD901492C1D0DDB0012B3CDF545B06C51574812F5AC894257309E0B560786	checks=3F4971152605229124AB5D1EF04D6758FF89589F8B42F4E843CC2138D5A5136C
after:computable-sample-count	head=38d9ad0df63e42cea9190657f836822892184010	main=A0EFD901492C1D0DDB0012B3CDF545B06C51574812F5AC894257309E0B560786	checks=3F4971152605229124AB5D1EF04D6758FF89589F8B42F4E843CC2138D5A5136C
before:sampling-guarantee	head=38d9ad0df63e42cea9190657f836822892184010	main=A0EFD901492C1D0DDB0012B3CDF545B06C51574812F5AC894257309E0B560786	checks=3F4971152605229124AB5D1EF04D6758FF89589F8B42F4E843CC2138D5A5136C
after:sampling-guarantee	head=38d9ad0df63e42cea9190657f836822892184010	main=A0EFD901492C1D0DDB0012B3CDF545B06C51574812F5AC894257309E0B560786	checks=3F4971152605229124AB5D1EF04D6758FF89589F8B42F4E843CC2138D5A5136C
before:finite-repair-rounding-pipeline	head=38d9ad0df63e42cea9190657f836822892184010	main=A0EFD901492C1D0DDB0012B3CDF545B06C51574812F5AC894257309E0B560786	checks=3F4971152605229124AB5D1EF04D6758FF89589F8B42F4E843CC2138D5A5136C
after:finite-repair-rounding-pipeline	head=38d9ad0df63e42cea9190657f836822892184010	main=A0EFD901492C1D0DDB0012B3CDF545B06C51574812F5AC894257309E0B560786	checks=3F4971152605229124AB5D1EF04D6758FF89589F8B42F4E843CC2138D5A5136C
before:sampling-formula-promises	head=38d9ad0df63e42cea9190657f836822892184010	main=A0EFD901492C1D0DDB0012B3CDF545B06C51574812F5AC894257309E0B560786	checks=3F4971152605229124AB5D1EF04D6758FF89589F8B42F4E843CC2138D5A5136C
after:sampling-formula-promises	head=38d9ad0df63e42cea9190657f836822892184010	main=A0EFD901492C1D0DDB0012B3CDF545B06C51574812F5AC894257309E0B560786	checks=3F4971152605229124AB5D1EF04D6758FF89589F8B42F4E843CC2138D5A5136C
before:cmmsa-encoding	head=38d9ad0df63e42cea9190657f836822892184010	main=A0EFD901492C1D0DDB0012B3CDF545B06C51574812F5AC894257309E0B560786	checks=3F4971152605229124AB5D1EF04D6758FF89589F8B42F4E843CC2138D5A5136C
after:cmmsa-encoding	head=38d9ad0df63e42cea9190657f836822892184010	main=A0EFD901492C1D0DDB0012B3CDF545B06C51574812F5AC894257309E0B560786	checks=3F4971152605229124AB5D1EF04D6758FF89589F8B42F4E843CC2138D5A5136C
before:cmmsa-pipeline-encoding	head=38d9ad0df63e42cea9190657f836822892184010	main=A0EFD901492C1D0DDB0012B3CDF545B06C51574812F5AC894257309E0B560786	checks=3F4971152605229124AB5D1EF04D6758FF89589F8B42F4E843CC2138D5A5136C
after:cmmsa-pipeline-encoding	head=38d9ad0df63e42cea9190657f836822892184010	main=A0EFD901492C1D0DDB0012B3CDF545B06C51574812F5AC894257309E0B560786	checks=3F4971152605229124AB5D1EF04D6758FF89589F8B42F4E843CC2138D5A5136C
before:executable-rounding	head=38d9ad0df63e42cea9190657f836822892184010	main=A0EFD901492C1D0DDB0012B3CDF545B06C51574812F5AC894257309E0B560786	checks=3F4971152605229124AB5D1EF04D6758FF89589F8B42F4E843CC2138D5A5136C
after:executable-rounding	head=38d9ad0df63e42cea9190657f836822892184010	main=A0EFD901492C1D0DDB0012B3CDF545B06C51574812F5AC894257309E0B560786	checks=3F4971152605229124AB5D1EF04D6758FF89589F8B42F4E843CC2138D5A5136C
before:finite-source-sampler	head=38d9ad0df63e42cea9190657f836822892184010	main=A0EFD901492C1D0DDB0012B3CDF545B06C51574812F5AC894257309E0B560786	checks=3F4971152605229124AB5D1EF04D6758FF89589F8B42F4E843CC2138D5A5136C
after:finite-source-sampler	head=38d9ad0df63e42cea9190657f836822892184010	main=A0EFD901492C1D0DDB0012B3CDF545B06C51574812F5AC894257309E0B560786	checks=3F4971152605229124AB5D1EF04D6758FF89589F8B42F4E843CC2138D5A5136C
before:executable-pipeline	head=38d9ad0df63e42cea9190657f836822892184010	main=A0EFD901492C1D0DDB0012B3CDF545B06C51574812F5AC894257309E0B560786	checks=3F4971152605229124AB5D1EF04D6758FF89589F8B42F4E843CC2138D5A5136C
after:executable-pipeline	head=38d9ad0df63e42cea9190657f836822892184010	main=A0EFD901492C1D0DDB0012B3CDF545B06C51574812F5AC894257309E0B560786	checks=3F4971152605229124AB5D1EF04D6758FF89589F8B42F4E843CC2138D5A5136C
before:seed-encoding	head=38d9ad0df63e42cea9190657f836822892184010	main=A0EFD901492C1D0DDB0012B3CDF545B06C51574812F5AC894257309E0B560786	checks=3F4971152605229124AB5D1EF04D6758FF89589F8B42F4E843CC2138D5A5136C
after:seed-encoding	head=38d9ad0df63e42cea9190657f836822892184010	main=A0EFD901492C1D0DDB0012B3CDF545B06C51574812F5AC894257309E0B560786	checks=3F4971152605229124AB5D1EF04D6758FF89589F8B42F4E843CC2138D5A5136C
before:executable-pipeline-input	head=38d9ad0df63e42cea9190657f836822892184010	main=A0EFD901492C1D0DDB0012B3CDF545B06C51574812F5AC894257309E0B560786	checks=3F4971152605229124AB5D1EF04D6758FF89589F8B42F4E843CC2138D5A5136C
after:executable-pipeline-input	head=38d9ad0df63e42cea9190657f836822892184010	main=A0EFD901492C1D0DDB0012B3CDF545B06C51574812F5AC894257309E0B560786	checks=3F4971152605229124AB5D1EF04D6758FF89589F8B42F4E843CC2138D5A5136C
before:executable-sampling-policy	head=38d9ad0df63e42cea9190657f836822892184010	main=A0EFD901492C1D0DDB0012B3CDF545B06C51574812F5AC894257309E0B560786	checks=3F4971152605229124AB5D1EF04D6758FF89589F8B42F4E843CC2138D5A5136C
after:executable-sampling-policy	head=38d9ad0df63e42cea9190657f836822892184010	main=A0EFD901492C1D0DDB0012B3CDF545B06C51574812F5AC894257309E0B560786	checks=3F4971152605229124AB5D1EF04D6758FF89589F8B42F4E843CC2138D5A5136C
before:randomized-reduction	head=38d9ad0df63e42cea9190657f836822892184010	main=A0EFD901492C1D0DDB0012B3CDF545B06C51574812F5AC894257309E0B560786	checks=3F4971152605229124AB5D1EF04D6758FF89589F8B42F4E843CC2138D5A5136C
after:randomized-reduction	head=38d9ad0df63e42cea9190657f836822892184010	main=A0EFD901492C1D0DDB0012B3CDF545B06C51574812F5AC894257309E0B560786	checks=3F4971152605229124AB5D1EF04D6758FF89589F8B42F4E843CC2138D5A5136C
before:randomized-reduction-assembly	head=38d9ad0df63e42cea9190657f836822892184010	main=A0EFD901492C1D0DDB0012B3CDF545B06C51574812F5AC894257309E0B560786	checks=3F4971152605229124AB5D1EF04D6758FF89589F8B42F4E843CC2138D5A5136C
after:randomized-reduction-assembly	head=38d9ad0df63e42cea9190657f836822892184010	main=A0EFD901492C1D0DDB0012B3CDF545B06C51574812F5AC894257309E0B560786	checks=3F4971152605229124AB5D1EF04D6758FF89589F8B42F4E843CC2138D5A5136C
before:actual-cmmsa-randomized-reduction	head=38d9ad0df63e42cea9190657f836822892184010	main=A0EFD901492C1D0DDB0012B3CDF545B06C51574812F5AC894257309E0B560786	checks=3F4971152605229124AB5D1EF04D6758FF89589F8B42F4E843CC2138D5A5136C
after:actual-cmmsa-randomized-reduction	head=38d9ad0df63e42cea9190657f836822892184010	main=A0EFD901492C1D0DDB0012B3CDF545B06C51574812F5AC894257309E0B560786	checks=3F4971152605229124AB5D1EF04D6758FF89589F8B42F4E843CC2138D5A5136C
before:actual-theorem1	head=38d9ad0df63e42cea9190657f836822892184010	main=A0EFD901492C1D0DDB0012B3CDF545B06C51574812F5AC894257309E0B560786	checks=3F4971152605229124AB5D1EF04D6758FF89589F8B42F4E843CC2138D5A5136C
after:actual-theorem1	head=38d9ad0df63e42cea9190657f836822892184010	main=A0EFD901492C1D0DDB0012B3CDF545B06C51574812F5AC894257309E0B560786	checks=3F4971152605229124AB5D1EF04D6758FF89589F8B42F4E843CC2138D5A5136C
before:actual-headline-parameters	head=38d9ad0df63e42cea9190657f836822892184010	main=A0EFD901492C1D0DDB0012B3CDF545B06C51574812F5AC894257309E0B560786	checks=3F4971152605229124AB5D1EF04D6758FF89589F8B42F4E843CC2138D5A5136C
after:actual-headline-parameters	head=38d9ad0df63e42cea9190657f836822892184010	main=A0EFD901492C1D0DDB0012B3CDF545B06C51574812F5AC894257309E0B560786	checks=3F4971152605229124AB5D1EF04D6758FF89589F8B42F4E843CC2138D5A5136C
before:actual-sat-to-threesat-source	head=38d9ad0df63e42cea9190657f836822892184010	main=A0EFD901492C1D0DDB0012B3CDF545B06C51574812F5AC894257309E0B560786	checks=3F4971152605229124AB5D1EF04D6758FF89589F8B42F4E843CC2138D5A5136C
after:actual-sat-to-threesat-source	head=38d9ad0df63e42cea9190657f836822892184010	main=A0EFD901492C1D0DDB0012B3CDF545B06C51574812F5AC894257309E0B560786	checks=3F4971152605229124AB5D1EF04D6758FF89589F8B42F4E843CC2138D5A5136C
before:main-1	head=38d9ad0df63e42cea9190657f836822892184010	main=A0EFD901492C1D0DDB0012B3CDF545B06C51574812F5AC894257309E0B560786	checks=3F4971152605229124AB5D1EF04D6758FF89589F8B42F4E843CC2138D5A5136C
after:main-1	head=38d9ad0df63e42cea9190657f836822892184010	main=A0EFD901492C1D0DDB0012B3CDF545B06C51574812F5AC894257309E0B560786	checks=3F4971152605229124AB5D1EF04D6758FF89589F8B42F4E843CC2138D5A5136C
before:main-2	head=38d9ad0df63e42cea9190657f836822892184010	main=A0EFD901492C1D0DDB0012B3CDF545B06C51574812F5AC894257309E0B560786	checks=3F4971152605229124AB5D1EF04D6758FF89589F8B42F4E843CC2138D5A5136C
after:main-2	head=38d9ad0df63e42cea9190657f836822892184010	main=A0EFD901492C1D0DDB0012B3CDF545B06C51574812F5AC894257309E0B560786	checks=3F4971152605229124AB5D1EF04D6758FF89589F8B42F4E843CC2138D5A5136C
before:checks-1	head=38d9ad0df63e42cea9190657f836822892184010	main=A0EFD901492C1D0DDB0012B3CDF545B06C51574812F5AC894257309E0B560786	checks=3F4971152605229124AB5D1EF04D6758FF89589F8B42F4E843CC2138D5A5136C
after:checks-1	head=38d9ad0df63e42cea9190657f836822892184010	main=A0EFD901492C1D0DDB0012B3CDF545B06C51574812F5AC894257309E0B560786	checks=3F4971152605229124AB5D1EF04D6758FF89589F8B42F4E843CC2138D5A5136C
before:checks-2	head=38d9ad0df63e42cea9190657f836822892184010	main=A0EFD901492C1D0DDB0012B3CDF545B06C51574812F5AC894257309E0B560786	checks=3F4971152605229124AB5D1EF04D6758FF89589F8B42F4E843CC2138D5A5136C
after:checks-2	head=38d9ad0df63e42cea9190657f836822892184010	main=A0EFD901492C1D0DDB0012B3CDF545B06C51574812F5AC894257309E0B560786	checks=3F4971152605229124AB5D1EF04D6758FF89589F8B42F4E843CC2138D5A5136C
final	head=38d9ad0df63e42cea9190657f836822892184010	main=A0EFD901492C1D0DDB0012B3CDF545B06C51574812F5AC894257309E0B560786	checks=3F4971152605229124AB5D1EF04D6758FF89589F8B42F4E843CC2138D5A5136C
finalize-before	head=38d9ad0df63e42cea9190657f836822892184010	main=A0EFD901492C1D0DDB0012B3CDF545B06C51574812F5AC894257309E0B560786	checks=3F4971152605229124AB5D1EF04D6758FF89589F8B42F4E843CC2138D5A5136C
finalize-after	head=38d9ad0df63e42cea9190657f836822892184010	main=A0EFD901492C1D0DDB0012B3CDF545B06C51574812F5AC894257309E0B560786	checks=3F4971152605229124AB5D1EF04D6758FF89589F8B42F4E843CC2138D5A5136C
