exception-repair	0
formula	0
cmmsa-codec	0
weight-rounding	0
finite-sampling	0
bernoulli-mgf	0
finite-concentration	0
inverse-cdf-sampler	0
joint-sampling-law	0
sampling-threshold	0
computable-sample-count	0
sampling-guarantee	0
finite-repair-rounding-pipeline	0
sampling-formula-promises	0
cmmsa-encoding	0
cmmsa-pipeline-encoding	0
executable-rounding	0
finite-source-sampler	0
executable-pipeline	0
seed-encoding	0
executable-pipeline-input	0
executable-sampling-policy	0
randomized-reduction	0
randomized-reduction-assembly	0
actual-cmmsa-randomized-reduction	0
actual-theorem1	0
actual-headline-parameters	0
actual-sat-to-threesat-source	0
main-1	0
main-2	0
checks-1	0
checks-2	0
