initial	head=f35269d0abecc290f2d79e25a2b1a470d738dc43	main=0C42DE927035271B413CB57F25C631BE076E7140BB365125AB06208A47BF6F9B	checks=2870AAA586F4DF0C873983906B6D30A269CED6B2ED3CFABC42F5330CF7BA254D
before:actual-star-question-support	head=f35269d0abecc290f2d79e25a2b1a470d738dc43	main=0C42DE927035271B413CB57F25C631BE076E7140BB365125AB06208A47BF6F9B	checks=2870AAA586F4DF0C873983906B6D30A269CED6B2ED3CFABC42F5330CF7BA254D
after:actual-star-question-support	head=f35269d0abecc290f2d79e25a2b1a470d738dc43	main=0C42DE927035271B413CB57F25C631BE076E7140BB365125AB06208A47BF6F9B	checks=2870AAA586F4DF0C873983906B6D30A269CED6B2ED3CFABC42F5330CF7BA254D
before:actual-star-span-intersection	head=f35269d0abecc290f2d79e25a2b1a470d738dc43	main=0C42DE927035271B413CB57F25C631BE076E7140BB365125AB06208A47BF6F9B	checks=2870AAA586F4DF0C873983906B6D30A269CED6B2ED3CFABC42F5330CF7BA254D
after:actual-star-span-intersection	head=f35269d0abecc290f2d79e25a2b1a470d738dc43	main=0C42DE927035271B413CB57F25C631BE076E7140BB365125AB06208A47BF6F9B	checks=2870AAA586F4DF0C873983906B6D30A269CED6B2ED3CFABC42F5330CF7BA254D
before:port-cycle-replacement	head=f35269d0abecc290f2d79e25a2b1a470d738dc43	main=0C42DE927035271B413CB57F25C631BE076E7140BB365125AB06208A47BF6F9B	checks=2870AAA586F4DF0C873983906B6D30A269CED6B2ED3CFABC42F5330CF7BA254D
after:port-cycle-replacement	head=f35269d0abecc290f2d79e25a2b1a470d738dc43	main=0C42DE927035271B413CB57F25C631BE076E7140BB365125AB06208A47BF6F9B	checks=2870AAA586F4DF0C873983906B6D30A269CED6B2ED3CFABC42F5330CF7BA254D
before:expander-cut-instantiation	head=f35269d0abecc290f2d79e25a2b1a470d738dc43	main=0C42DE927035271B413CB57F25C631BE076E7140BB365125AB06208A47BF6F9B	checks=2870AAA586F4DF0C873983906B6D30A269CED6B2ED3CFABC42F5330CF7BA254D
after:expander-cut-instantiation	head=f35269d0abecc290f2d79e25a2b1a470d738dc43	main=0C42DE927035271B413CB57F25C631BE076E7140BB365125AB06208A47BF6F9B	checks=2870AAA586F4DF0C873983906B6D30A269CED6B2ED3CFABC42F5330CF7BA254D
before:fixed-port-cycle-family	head=f35269d0abecc290f2d79e25a2b1a470d738dc43	main=0C42DE927035271B413CB57F25C631BE076E7140BB365125AB06208A47BF6F9B	checks=2870AAA586F4DF0C873983906B6D30A269CED6B2ED3CFABC42F5330CF7BA254D
after:fixed-port-cycle-family	head=f35269d0abecc290f2d79e25a2b1a470d738dc43	main=0C42DE927035271B413CB57F25C631BE076E7140BB365125AB06208A47BF6F9B	checks=2870AAA586F4DF0C873983906B6D30A269CED6B2ED3CFABC42F5330CF7BA254D
before:actual-graph-edges	head=f35269d0abecc290f2d79e25a2b1a470d738dc43	main=0C42DE927035271B413CB57F25C631BE076E7140BB365125AB06208A47BF6F9B	checks=2870AAA586F4DF0C873983906B6D30A269CED6B2ED3CFABC42F5330CF7BA254D
after:actual-graph-edges	head=f35269d0abecc290f2d79e25a2b1a470d738dc43	main=0C42DE927035271B413CB57F25C631BE076E7140BB365125AB06208A47BF6F9B	checks=2870AAA586F4DF0C873983906B6D30A269CED6B2ED3CFABC42F5330CF7BA254D
before:actual-graph-incidence	head=f35269d0abecc290f2d79e25a2b1a470d738dc43	main=0C42DE927035271B413CB57F25C631BE076E7140BB365125AB06208A47BF6F9B	checks=2870AAA586F4DF0C873983906B6D30A269CED6B2ED3CFABC42F5330CF7BA254D
after:actual-graph-incidence	head=f35269d0abecc290f2d79e25a2b1a470d738dc43	main=0C42DE927035271B413CB57F25C631BE076E7140BB365125AB06208A47BF6F9B	checks=2870AAA586F4DF0C873983906B6D30A269CED6B2ED3CFABC42F5330CF7BA254D
before:equality-gadget	head=f35269d0abecc290f2d79e25a2b1a470d738dc43	main=0C42DE927035271B413CB57F25C631BE076E7140BB365125AB06208A47BF6F9B	checks=2870AAA586F4DF0C873983906B6D30A269CED6B2ED3CFABC42F5330CF7BA254D
after:equality-gadget	head=f35269d0abecc290f2d79e25a2b1a470d738dc43	main=0C42DE927035271B413CB57F25C631BE076E7140BB365125AB06208A47BF6F9B	checks=2870AAA586F4DF0C873983906B6D30A269CED6B2ED3CFABC42F5330CF7BA254D
before:actual-equality-cloud	head=f35269d0abecc290f2d79e25a2b1a470d738dc43	main=0C42DE927035271B413CB57F25C631BE076E7140BB365125AB06208A47BF6F9B	checks=2870AAA586F4DF0C873983906B6D30A269CED6B2ED3CFABC42F5330CF7BA254D
after:actual-equality-cloud	head=f35269d0abecc290f2d79e25a2b1a470d738dc43	main=0C42DE927035271B413CB57F25C631BE076E7140BB365125AB06208A47BF6F9B	checks=2870AAA586F4DF0C873983906B6D30A269CED6B2ED3CFABC42F5330CF7BA254D
before:actual-equality-cloud-degree	head=f35269d0abecc290f2d79e25a2b1a470d738dc43	main=0C42DE927035271B413CB57F25C631BE076E7140BB365125AB06208A47BF6F9B	checks=2870AAA586F4DF0C873983906B6D30A269CED6B2ED3CFABC42F5330CF7BA254D
after:actual-equality-cloud-degree	head=f35269d0abecc290f2d79e25a2b1a470d738dc43	main=0C42DE927035271B413CB57F25C631BE076E7140BB365125AB06208A47BF6F9B	checks=2870AAA586F4DF0C873983906B6D30A269CED6B2ED3CFABC42F5330CF7BA254D
before:actual-occurrence-allocation	head=f35269d0abecc290f2d79e25a2b1a470d738dc43	main=0C42DE927035271B413CB57F25C631BE076E7140BB365125AB06208A47BF6F9B	checks=2870AAA586F4DF0C873983906B6D30A269CED6B2ED3CFABC42F5330CF7BA254D
after:actual-occurrence-allocation	head=f35269d0abecc290f2d79e25a2b1a470d738dc43	main=0C42DE927035271B413CB57F25C631BE076E7140BB365125AB06208A47BF6F9B	checks=2870AAA586F4DF0C873983906B6D30A269CED6B2ED3CFABC42F5330CF7BA254D
before:actual-occurrence-counts	head=f35269d0abecc290f2d79e25a2b1a470d738dc43	main=0C42DE927035271B413CB57F25C631BE076E7140BB365125AB06208A47BF6F9B	checks=2870AAA586F4DF0C873983906B6D30A269CED6B2ED3CFABC42F5330CF7BA254D
after:actual-occurrence-counts	head=f35269d0abecc290f2d79e25a2b1a470d738dc43	main=0C42DE927035271B413CB57F25C631BE076E7140BB365125AB06208A47BF6F9B	checks=2870AAA586F4DF0C873983906B6D30A269CED6B2ED3CFABC42F5330CF7BA254D
before:actual-occurrence-degree	head=f35269d0abecc290f2d79e25a2b1a470d738dc43	main=0C42DE927035271B413CB57F25C631BE076E7140BB365125AB06208A47BF6F9B	checks=2870AAA586F4DF0C873983906B6D30A269CED6B2ED3CFABC42F5330CF7BA254D
after:actual-occurrence-degree	head=f35269d0abecc290f2d79e25a2b1a470d738dc43	main=0C42DE927035271B413CB57F25C631BE076E7140BB365125AB06208A47BF6F9B	checks=2870AAA586F4DF0C873983906B6D30A269CED6B2ED3CFABC42F5330CF7BA254D
before:actual-occurrence-completeness	head=f35269d0abecc290f2d79e25a2b1a470d738dc43	main=0C42DE927035271B413CB57F25C631BE076E7140BB365125AB06208A47BF6F9B	checks=2870AAA586F4DF0C873983906B6D30A269CED6B2ED3CFABC42F5330CF7BA254D
after:actual-occurrence-completeness	head=f35269d0abecc290f2d79e25a2b1a470d738dc43	main=0C42DE927035271B413CB57F25C631BE076E7140BB365125AB06208A47BF6F9B	checks=2870AAA586F4DF0C873983906B6D30A269CED6B2ED3CFABC42F5330CF7BA254D
before:actual-finite-3lin-source	head=f35269d0abecc290f2d79e25a2b1a470d738dc43	main=0C42DE927035271B413CB57F25C631BE076E7140BB365125AB06208A47BF6F9B	checks=2870AAA586F4DF0C873983906B6D30A269CED6B2ED3CFABC42F5330CF7BA254D
after:actual-finite-3lin-source	head=f35269d0abecc290f2d79e25a2b1a470d738dc43	main=0C42DE927035271B413CB57F25C631BE076E7140BB365125AB06208A47BF6F9B	checks=2870AAA586F4DF0C873983906B6D30A269CED6B2ED3CFABC42F5330CF7BA254D
before:tagged-finite-3lin-source	head=f35269d0abecc290f2d79e25a2b1a470d738dc43	main=0C42DE927035271B413CB57F25C631BE076E7140BB365125AB06208A47BF6F9B	checks=2870AAA586F4DF0C873983906B6D30A269CED6B2ED3CFABC42F5330CF7BA254D
after:tagged-finite-3lin-source	head=f35269d0abecc290f2d79e25a2b1a470d738dc43	main=0C42DE927035271B413CB57F25C631BE076E7140BB365125AB06208A47BF6F9B	checks=2870AAA586F4DF0C873983906B6D30A269CED6B2ED3CFABC42F5330CF7BA254D
before:actual-question-mass-bridge	head=f35269d0abecc290f2d79e25a2b1a470d738dc43	main=0C42DE927035271B413CB57F25C631BE076E7140BB365125AB06208A47BF6F9B	checks=2870AAA586F4DF0C873983906B6D30A269CED6B2ED3CFABC42F5330CF7BA254D
after:actual-question-mass-bridge	head=f35269d0abecc290f2d79e25a2b1a470d738dc43	main=0C42DE927035271B413CB57F25C631BE076E7140BB365125AB06208A47BF6F9B	checks=2870AAA586F4DF0C873983906B6D30A269CED6B2ED3CFABC42F5330CF7BA254D
before:tagged-question-mass-bridge	head=f35269d0abecc290f2d79e25a2b1a470d738dc43	main=0C42DE927035271B413CB57F25C631BE076E7140BB365125AB06208A47BF6F9B	checks=2870AAA586F4DF0C873983906B6D30A269CED6B2ED3CFABC42F5330CF7BA254D
after:tagged-question-mass-bridge	head=f35269d0abecc290f2d79e25a2b1a470d738dc43	main=0C42DE927035271B413CB57F25C631BE076E7140BB365125AB06208A47BF6F9B	checks=2870AAA586F4DF0C873983906B6D30A269CED6B2ED3CFABC42F5330CF7BA254D
before:actual-tagged-question-mass	head=f35269d0abecc290f2d79e25a2b1a470d738dc43	main=0C42DE927035271B413CB57F25C631BE076E7140BB365125AB06208A47BF6F9B	checks=2870AAA586F4DF0C873983906B6D30A269CED6B2ED3CFABC42F5330CF7BA254D
after:actual-tagged-question-mass	head=f35269d0abecc290f2d79e25a2b1a470d738dc43	main=0C42DE927035271B413CB57F25C631BE076E7140BB365125AB06208A47BF6F9B	checks=2870AAA586F4DF0C873983906B6D30A269CED6B2ED3CFABC42F5330CF7BA254D
before:actual-tagged-question-retained-mass	head=f35269d0abecc290f2d79e25a2b1a470d738dc43	main=0C42DE927035271B413CB57F25C631BE076E7140BB365125AB06208A47BF6F9B	checks=2870AAA586F4DF0C873983906B6D30A269CED6B2ED3CFABC42F5330CF7BA254D
after:actual-tagged-question-retained-mass	head=f35269d0abecc290f2d79e25a2b1a470d738dc43	main=0C42DE927035271B413CB57F25C631BE076E7140BB365125AB06208A47BF6F9B	checks=2870AAA586F4DF0C873983906B6D30A269CED6B2ED3CFABC42F5330CF7BA254D
before:actual-tagged-conditioning-transport	head=f35269d0abecc290f2d79e25a2b1a470d738dc43	main=0C42DE927035271B413CB57F25C631BE076E7140BB365125AB06208A47BF6F9B	checks=2870AAA586F4DF0C873983906B6D30A269CED6B2ED3CFABC42F5330CF7BA254D
after:actual-tagged-conditioning-transport	head=f35269d0abecc290f2d79e25a2b1a470d738dc43	main=0C42DE927035271B413CB57F25C631BE076E7140BB365125AB06208A47BF6F9B	checks=2870AAA586F4DF0C873983906B6D30A269CED6B2ED3CFABC42F5330CF7BA254D
before:actual-tagged-base-projection-transport	head=f35269d0abecc290f2d79e25a2b1a470d738dc43	main=0C42DE927035271B413CB57F25C631BE076E7140BB365125AB06208A47BF6F9B	checks=2870AAA586F4DF0C873983906B6D30A269CED6B2ED3CFABC42F5330CF7BA254D
after:actual-tagged-base-projection-transport	head=f35269d0abecc290f2d79e25a2b1a470d738dc43	main=0C42DE927035271B413CB57F25C631BE076E7140BB365125AB06208A47BF6F9B	checks=2870AAA586F4DF0C873983906B6D30A269CED6B2ED3CFABC42F5330CF7BA254D
before:actual-tagged-failure-transport	head=f35269d0abecc290f2d79e25a2b1a470d738dc43	main=0C42DE927035271B413CB57F25C631BE076E7140BB365125AB06208A47BF6F9B	checks=2870AAA586F4DF0C873983906B6D30A269CED6B2ED3CFABC42F5330CF7BA254D
after:actual-tagged-failure-transport	head=f35269d0abecc290f2d79e25a2b1a470d738dc43	main=0C42DE927035271B413CB57F25C631BE076E7140BB365125AB06208A47BF6F9B	checks=2870AAA586F4DF0C873983906B6D30A269CED6B2ED3CFABC42F5330CF7BA254D
before:actual-rhs-functional-construction	head=f35269d0abecc290f2d79e25a2b1a470d738dc43	main=0C42DE927035271B413CB57F25C631BE076E7140BB365125AB06208A47BF6F9B	checks=2870AAA586F4DF0C873983906B6D30A269CED6B2ED3CFABC42F5330CF7BA254D
after:actual-rhs-functional-construction	head=f35269d0abecc290f2d79e25a2b1a470d738dc43	main=0C42DE927035271B413CB57F25C631BE076E7140BB365125AB06208A47BF6F9B	checks=2870AAA586F4DF0C873983906B6D30A269CED6B2ED3CFABC42F5330CF7BA254D
before:actual-star-side-condition-agreement	head=f35269d0abecc290f2d79e25a2b1a470d738dc43	main=0C42DE927035271B413CB57F25C631BE076E7140BB365125AB06208A47BF6F9B	checks=2870AAA586F4DF0C873983906B6D30A269CED6B2ED3CFABC42F5330CF7BA254D
after:actual-star-side-condition-agreement	head=f35269d0abecc290f2d79e25a2b1a470d738dc43	main=0C42DE927035271B413CB57F25C631BE076E7140BB365125AB06208A47BF6F9B	checks=2870AAA586F4DF0C873983906B6D30A269CED6B2ED3CFABC42F5330CF7BA254D
before:actual-compatible-rhs-functional	head=f35269d0abecc290f2d79e25a2b1a470d738dc43	main=0C42DE927035271B413CB57F25C631BE076E7140BB365125AB06208A47BF6F9B	checks=2870AAA586F4DF0C873983906B6D30A269CED6B2ED3CFABC42F5330CF7BA254D
after:actual-compatible-rhs-functional	head=f35269d0abecc290f2d79e25a2b1a470d738dc43	main=0C42DE927035271B413CB57F25C631BE076E7140BB365125AB06208A47BF6F9B	checks=2870AAA586F4DF0C873983906B6D30A269CED6B2ED3CFABC42F5330CF7BA254D
before:submodule-functional-gluing	head=f35269d0abecc290f2d79e25a2b1a470d738dc43	main=0C42DE927035271B413CB57F25C631BE076E7140BB365125AB06208A47BF6F9B	checks=2870AAA586F4DF0C873983906B6D30A269CED6B2ED3CFABC42F5330CF7BA254D
after:submodule-functional-gluing	head=f35269d0abecc290f2d79e25a2b1a470d738dc43	main=0C42DE927035271B413CB57F25C631BE076E7140BB365125AB06208A47BF6F9B	checks=2870AAA586F4DF0C873983906B6D30A269CED6B2ED3CFABC42F5330CF7BA254D
before:actual-presented-leaf-gluing	head=f35269d0abecc290f2d79e25a2b1a470d738dc43	main=0C42DE927035271B413CB57F25C631BE076E7140BB365125AB06208A47BF6F9B	checks=2870AAA586F4DF0C873983906B6D30A269CED6B2ED3CFABC42F5330CF7BA254D
after:actual-presented-leaf-gluing	head=f35269d0abecc290f2d79e25a2b1a470d738dc43	main=0C42DE927035271B413CB57F25C631BE076E7140BB365125AB06208A47BF6F9B	checks=2870AAA586F4DF0C873983906B6D30A269CED6B2ED3CFABC42F5330CF7BA254D
before:actual-leaf-transport	head=f35269d0abecc290f2d79e25a2b1a470d738dc43	main=0C42DE927035271B413CB57F25C631BE076E7140BB365125AB06208A47BF6F9B	checks=2870AAA586F4DF0C873983906B6D30A269CED6B2ED3CFABC42F5330CF7BA254D
after:actual-leaf-transport	head=f35269d0abecc290f2d79e25a2b1a470d738dc43	main=0C42DE927035271B413CB57F25C631BE076E7140BB365125AB06208A47BF6F9B	checks=2870AAA586F4DF0C873983906B6D30A269CED6B2ED3CFABC42F5330CF7BA254D
before:actual-leaf-relation-laws	head=f35269d0abecc290f2d79e25a2b1a470d738dc43	main=0C42DE927035271B413CB57F25C631BE076E7140BB365125AB06208A47BF6F9B	checks=2870AAA586F4DF0C873983906B6D30A269CED6B2ED3CFABC42F5330CF7BA254D
after:actual-leaf-relation-laws	head=f35269d0abecc290f2d79e25a2b1a470d738dc43	main=0C42DE927035271B413CB57F25C631BE076E7140BB365125AB06208A47BF6F9B	checks=2870AAA586F4DF0C873983906B6D30A269CED6B2ED3CFABC42F5330CF7BA254D
before:actual-leaf-transport-coherence	head=f35269d0abecc290f2d79e25a2b1a470d738dc43	main=0C42DE927035271B413CB57F25C631BE076E7140BB365125AB06208A47BF6F9B	checks=2870AAA586F4DF0C873983906B6D30A269CED6B2ED3CFABC42F5330CF7BA254D
after:actual-leaf-transport-coherence	head=f35269d0abecc290f2d79e25a2b1a470d738dc43	main=0C42DE927035271B413CB57F25C631BE076E7140BB365125AB06208A47BF6F9B	checks=2870AAA586F4DF0C873983906B6D30A269CED6B2ED3CFABC42F5330CF7BA254D
before:actual-leaf-presentation-descent	head=f35269d0abecc290f2d79e25a2b1a470d738dc43	main=0C42DE927035271B413CB57F25C631BE076E7140BB365125AB06208A47BF6F9B	checks=2870AAA586F4DF0C873983906B6D30A269CED6B2ED3CFABC42F5330CF7BA254D
after:actual-leaf-presentation-descent	head=f35269d0abecc290f2d79e25a2b1a470d738dc43	main=0C42DE927035271B413CB57F25C631BE076E7140BB365125AB06208A47BF6F9B	checks=2870AAA586F4DF0C873983906B6D30A269CED6B2ED3CFABC42F5330CF7BA254D
before:actual-leaf-center-restriction	head=f35269d0abecc290f2d79e25a2b1a470d738dc43	main=0C42DE927035271B413CB57F25C631BE076E7140BB365125AB06208A47BF6F9B	checks=2870AAA586F4DF0C873983906B6D30A269CED6B2ED3CFABC42F5330CF7BA254D
after:actual-leaf-center-restriction	head=f35269d0abecc290f2d79e25a2b1a470d738dc43	main=0C42DE927035271B413CB57F25C631BE076E7140BB365125AB06208A47BF6F9B	checks=2870AAA586F4DF0C873983906B6D30A269CED6B2ED3CFABC42F5330CF7BA254D
before:actual-leaf-representative-sampler	head=f35269d0abecc290f2d79e25a2b1a470d738dc43	main=0C42DE927035271B413CB57F25C631BE076E7140BB365125AB06208A47BF6F9B	checks=2870AAA586F4DF0C873983906B6D30A269CED6B2ED3CFABC42F5330CF7BA254D
after:actual-leaf-representative-sampler	head=f35269d0abecc290f2d79e25a2b1a470d738dc43	main=0C42DE927035271B413CB57F25C631BE076E7140BB365125AB06208A47BF6F9B	checks=2870AAA586F4DF0C873983906B6D30A269CED6B2ED3CFABC42F5330CF7BA254D
before:actual-leaf-rejection-union	head=f35269d0abecc290f2d79e25a2b1a470d738dc43	main=0C42DE927035271B413CB57F25C631BE076E7140BB365125AB06208A47BF6F9B	checks=2870AAA586F4DF0C873983906B6D30A269CED6B2ED3CFABC42F5330CF7BA254D
after:actual-leaf-rejection-union	head=f35269d0abecc290f2d79e25a2b1a470d738dc43	main=0C42DE927035271B413CB57F25C631BE076E7140BB365125AB06208A47BF6F9B	checks=2870AAA586F4DF0C873983906B6D30A269CED6B2ED3CFABC42F5330CF7BA254D
before:actual-leaf-rejection-union-checks	head=f35269d0abecc290f2d79e25a2b1a470d738dc43	main=0C42DE927035271B413CB57F25C631BE076E7140BB365125AB06208A47BF6F9B	checks=2870AAA586F4DF0C873983906B6D30A269CED6B2ED3CFABC42F5330CF7BA254D
after:actual-leaf-rejection-union-checks	head=f35269d0abecc290f2d79e25a2b1a470d738dc43	main=0C42DE927035271B413CB57F25C631BE076E7140BB365125AB06208A47BF6F9B	checks=2870AAA586F4DF0C873983906B6D30A269CED6B2ED3CFABC42F5330CF7BA254D
before:actual-star-acceptance	head=f35269d0abecc290f2d79e25a2b1a470d738dc43	main=0C42DE927035271B413CB57F25C631BE076E7140BB365125AB06208A47BF6F9B	checks=2870AAA586F4DF0C873983906B6D30A269CED6B2ED3CFABC42F5330CF7BA254D
after:actual-star-acceptance	head=f35269d0abecc290f2d79e25a2b1a470d738dc43	main=0C42DE927035271B413CB57F25C631BE076E7140BB365125AB06208A47BF6F9B	checks=2870AAA586F4DF0C873983906B6D30A269CED6B2ED3CFABC42F5330CF7BA254D
before:actual-source-star-completeness	head=f35269d0abecc290f2d79e25a2b1a470d738dc43	main=0C42DE927035271B413CB57F25C631BE076E7140BB365125AB06208A47BF6F9B	checks=2870AAA586F4DF0C873983906B6D30A269CED6B2ED3CFABC42F5330CF7BA254D
after:actual-source-star-completeness	head=f35269d0abecc290f2d79e25a2b1a470d738dc43	main=0C42DE927035271B413CB57F25C631BE076E7140BB365125AB06208A47BF6F9B	checks=2870AAA586F4DF0C873983906B6D30A269CED6B2ED3CFABC42F5330CF7BA254D
before:main-1	head=f35269d0abecc290f2d79e25a2b1a470d738dc43	main=0C42DE927035271B413CB57F25C631BE076E7140BB365125AB06208A47BF6F9B	checks=2870AAA586F4DF0C873983906B6D30A269CED6B2ED3CFABC42F5330CF7BA254D
after:main-1	head=f35269d0abecc290f2d79e25a2b1a470d738dc43	main=0C42DE927035271B413CB57F25C631BE076E7140BB365125AB06208A47BF6F9B	checks=2870AAA586F4DF0C873983906B6D30A269CED6B2ED3CFABC42F5330CF7BA254D
before:main-2	head=f35269d0abecc290f2d79e25a2b1a470d738dc43	main=0C42DE927035271B413CB57F25C631BE076E7140BB365125AB06208A47BF6F9B	checks=2870AAA586F4DF0C873983906B6D30A269CED6B2ED3CFABC42F5330CF7BA254D
after:main-2	head=f35269d0abecc290f2d79e25a2b1a470d738dc43	main=0C42DE927035271B413CB57F25C631BE076E7140BB365125AB06208A47BF6F9B	checks=2870AAA586F4DF0C873983906B6D30A269CED6B2ED3CFABC42F5330CF7BA254D
before:checks-1	head=f35269d0abecc290f2d79e25a2b1a470d738dc43	main=0C42DE927035271B413CB57F25C631BE076E7140BB365125AB06208A47BF6F9B	checks=2870AAA586F4DF0C873983906B6D30A269CED6B2ED3CFABC42F5330CF7BA254D
after:checks-1	head=f35269d0abecc290f2d79e25a2b1a470d738dc43	main=0C42DE927035271B413CB57F25C631BE076E7140BB365125AB06208A47BF6F9B	checks=2870AAA586F4DF0C873983906B6D30A269CED6B2ED3CFABC42F5330CF7BA254D
before:checks-2	head=f35269d0abecc290f2d79e25a2b1a470d738dc43	main=0C42DE927035271B413CB57F25C631BE076E7140BB365125AB06208A47BF6F9B	checks=2870AAA586F4DF0C873983906B6D30A269CED6B2ED3CFABC42F5330CF7BA254D
after:checks-2	head=f35269d0abecc290f2d79e25a2b1a470d738dc43	main=0C42DE927035271B413CB57F25C631BE076E7140BB365125AB06208A47BF6F9B	checks=2870AAA586F4DF0C873983906B6D30A269CED6B2ED3CFABC42F5330CF7BA254D
final	head=f35269d0abecc290f2d79e25a2b1a470d738dc43	main=0C42DE927035271B413CB57F25C631BE076E7140BB365125AB06208A47BF6F9B	checks=2870AAA586F4DF0C873983906B6D30A269CED6B2ED3CFABC42F5330CF7BA254D
finalize-before	head=f35269d0abecc290f2d79e25a2b1a470d738dc43	main=0C42DE927035271B413CB57F25C631BE076E7140BB365125AB06208A47BF6F9B	checks=2870AAA586F4DF0C873983906B6D30A269CED6B2ED3CFABC42F5330CF7BA254D
finalize-after	head=f35269d0abecc290f2d79e25a2b1a470d738dc43	main=0C42DE927035271B413CB57F25C631BE076E7140BB365125AB06208A47BF6F9B	checks=2870AAA586F4DF0C873983906B6D30A269CED6B2ED3CFABC42F5330CF7BA254D
