initial	head=e77fda3102152ca111daf3464af4a45931178f81	main=87BE216E92B19AD2044BF5DB1551A3D36BE3993ABBD456FDCF16FA379274610C	checks=EBCFCE831F66382614D9D0EF9FBD30D566E0B019BC9C955F943FD61658C90626
before:actual-star-question-support	head=e77fda3102152ca111daf3464af4a45931178f81	main=87BE216E92B19AD2044BF5DB1551A3D36BE3993ABBD456FDCF16FA379274610C	checks=EBCFCE831F66382614D9D0EF9FBD30D566E0B019BC9C955F943FD61658C90626
after:actual-star-question-support	head=e77fda3102152ca111daf3464af4a45931178f81	main=87BE216E92B19AD2044BF5DB1551A3D36BE3993ABBD456FDCF16FA379274610C	checks=EBCFCE831F66382614D9D0EF9FBD30D566E0B019BC9C955F943FD61658C90626
before:actual-star-span-intersection	head=e77fda3102152ca111daf3464af4a45931178f81	main=87BE216E92B19AD2044BF5DB1551A3D36BE3993ABBD456FDCF16FA379274610C	checks=EBCFCE831F66382614D9D0EF9FBD30D566E0B019BC9C955F943FD61658C90626
after:actual-star-span-intersection	head=e77fda3102152ca111daf3464af4a45931178f81	main=87BE216E92B19AD2044BF5DB1551A3D36BE3993ABBD456FDCF16FA379274610C	checks=EBCFCE831F66382614D9D0EF9FBD30D566E0B019BC9C955F943FD61658C90626
before:port-cycle-replacement	head=e77fda3102152ca111daf3464af4a45931178f81	main=87BE216E92B19AD2044BF5DB1551A3D36BE3993ABBD456FDCF16FA379274610C	checks=EBCFCE831F66382614D9D0EF9FBD30D566E0B019BC9C955F943FD61658C90626
after:port-cycle-replacement	head=e77fda3102152ca111daf3464af4a45931178f81	main=87BE216E92B19AD2044BF5DB1551A3D36BE3993ABBD456FDCF16FA379274610C	checks=EBCFCE831F66382614D9D0EF9FBD30D566E0B019BC9C955F943FD61658C90626
before:expander-cut-instantiation	head=e77fda3102152ca111daf3464af4a45931178f81	main=87BE216E92B19AD2044BF5DB1551A3D36BE3993ABBD456FDCF16FA379274610C	checks=EBCFCE831F66382614D9D0EF9FBD30D566E0B019BC9C955F943FD61658C90626
after:expander-cut-instantiation	head=e77fda3102152ca111daf3464af4a45931178f81	main=87BE216E92B19AD2044BF5DB1551A3D36BE3993ABBD456FDCF16FA379274610C	checks=EBCFCE831F66382614D9D0EF9FBD30D566E0B019BC9C955F943FD61658C90626
before:fixed-port-cycle-family	head=e77fda3102152ca111daf3464af4a45931178f81	main=87BE216E92B19AD2044BF5DB1551A3D36BE3993ABBD456FDCF16FA379274610C	checks=EBCFCE831F66382614D9D0EF9FBD30D566E0B019BC9C955F943FD61658C90626
after:fixed-port-cycle-family	head=e77fda3102152ca111daf3464af4a45931178f81	main=87BE216E92B19AD2044BF5DB1551A3D36BE3993ABBD456FDCF16FA379274610C	checks=EBCFCE831F66382614D9D0EF9FBD30D566E0B019BC9C955F943FD61658C90626
before:actual-graph-edges	head=e77fda3102152ca111daf3464af4a45931178f81	main=87BE216E92B19AD2044BF5DB1551A3D36BE3993ABBD456FDCF16FA379274610C	checks=EBCFCE831F66382614D9D0EF9FBD30D566E0B019BC9C955F943FD61658C90626
after:actual-graph-edges	head=e77fda3102152ca111daf3464af4a45931178f81	main=87BE216E92B19AD2044BF5DB1551A3D36BE3993ABBD456FDCF16FA379274610C	checks=EBCFCE831F66382614D9D0EF9FBD30D566E0B019BC9C955F943FD61658C90626
before:equality-gadget	head=e77fda3102152ca111daf3464af4a45931178f81	main=87BE216E92B19AD2044BF5DB1551A3D36BE3993ABBD456FDCF16FA379274610C	checks=EBCFCE831F66382614D9D0EF9FBD30D566E0B019BC9C955F943FD61658C90626
after:equality-gadget	head=e77fda3102152ca111daf3464af4a45931178f81	main=87BE216E92B19AD2044BF5DB1551A3D36BE3993ABBD456FDCF16FA379274610C	checks=EBCFCE831F66382614D9D0EF9FBD30D566E0B019BC9C955F943FD61658C90626
before:actual-equality-cloud	head=e77fda3102152ca111daf3464af4a45931178f81	main=87BE216E92B19AD2044BF5DB1551A3D36BE3993ABBD456FDCF16FA379274610C	checks=EBCFCE831F66382614D9D0EF9FBD30D566E0B019BC9C955F943FD61658C90626
after:actual-equality-cloud	head=e77fda3102152ca111daf3464af4a45931178f81	main=87BE216E92B19AD2044BF5DB1551A3D36BE3993ABBD456FDCF16FA379274610C	checks=EBCFCE831F66382614D9D0EF9FBD30D566E0B019BC9C955F943FD61658C90626
before:actual-occurrence-allocation	head=e77fda3102152ca111daf3464af4a45931178f81	main=87BE216E92B19AD2044BF5DB1551A3D36BE3993ABBD456FDCF16FA379274610C	checks=EBCFCE831F66382614D9D0EF9FBD30D566E0B019BC9C955F943FD61658C90626
after:actual-occurrence-allocation	head=e77fda3102152ca111daf3464af4a45931178f81	main=87BE216E92B19AD2044BF5DB1551A3D36BE3993ABBD456FDCF16FA379274610C	checks=EBCFCE831F66382614D9D0EF9FBD30D566E0B019BC9C955F943FD61658C90626
before:actual-occurrence-counts	head=e77fda3102152ca111daf3464af4a45931178f81	main=87BE216E92B19AD2044BF5DB1551A3D36BE3993ABBD456FDCF16FA379274610C	checks=EBCFCE831F66382614D9D0EF9FBD30D566E0B019BC9C955F943FD61658C90626
after:actual-occurrence-counts	head=e77fda3102152ca111daf3464af4a45931178f81	main=87BE216E92B19AD2044BF5DB1551A3D36BE3993ABBD456FDCF16FA379274610C	checks=EBCFCE831F66382614D9D0EF9FBD30D566E0B019BC9C955F943FD61658C90626
before:actual-finite-3lin-source	head=e77fda3102152ca111daf3464af4a45931178f81	main=87BE216E92B19AD2044BF5DB1551A3D36BE3993ABBD456FDCF16FA379274610C	checks=EBCFCE831F66382614D9D0EF9FBD30D566E0B019BC9C955F943FD61658C90626
after:actual-finite-3lin-source	head=e77fda3102152ca111daf3464af4a45931178f81	main=87BE216E92B19AD2044BF5DB1551A3D36BE3993ABBD456FDCF16FA379274610C	checks=EBCFCE831F66382614D9D0EF9FBD30D566E0B019BC9C955F943FD61658C90626
before:actual-rhs-functional-construction	head=e77fda3102152ca111daf3464af4a45931178f81	main=87BE216E92B19AD2044BF5DB1551A3D36BE3993ABBD456FDCF16FA379274610C	checks=EBCFCE831F66382614D9D0EF9FBD30D566E0B019BC9C955F943FD61658C90626
after:actual-rhs-functional-construction	head=e77fda3102152ca111daf3464af4a45931178f81	main=87BE216E92B19AD2044BF5DB1551A3D36BE3993ABBD456FDCF16FA379274610C	checks=EBCFCE831F66382614D9D0EF9FBD30D566E0B019BC9C955F943FD61658C90626
before:actual-star-side-condition-agreement	head=e77fda3102152ca111daf3464af4a45931178f81	main=87BE216E92B19AD2044BF5DB1551A3D36BE3993ABBD456FDCF16FA379274610C	checks=EBCFCE831F66382614D9D0EF9FBD30D566E0B019BC9C955F943FD61658C90626
after:actual-star-side-condition-agreement	head=e77fda3102152ca111daf3464af4a45931178f81	main=87BE216E92B19AD2044BF5DB1551A3D36BE3993ABBD456FDCF16FA379274610C	checks=EBCFCE831F66382614D9D0EF9FBD30D566E0B019BC9C955F943FD61658C90626
before:actual-compatible-rhs-functional	head=e77fda3102152ca111daf3464af4a45931178f81	main=87BE216E92B19AD2044BF5DB1551A3D36BE3993ABBD456FDCF16FA379274610C	checks=EBCFCE831F66382614D9D0EF9FBD30D566E0B019BC9C955F943FD61658C90626
after:actual-compatible-rhs-functional	head=e77fda3102152ca111daf3464af4a45931178f81	main=87BE216E92B19AD2044BF5DB1551A3D36BE3993ABBD456FDCF16FA379274610C	checks=EBCFCE831F66382614D9D0EF9FBD30D566E0B019BC9C955F943FD61658C90626
before:submodule-functional-gluing	head=e77fda3102152ca111daf3464af4a45931178f81	main=87BE216E92B19AD2044BF5DB1551A3D36BE3993ABBD456FDCF16FA379274610C	checks=EBCFCE831F66382614D9D0EF9FBD30D566E0B019BC9C955F943FD61658C90626
after:submodule-functional-gluing	head=e77fda3102152ca111daf3464af4a45931178f81	main=87BE216E92B19AD2044BF5DB1551A3D36BE3993ABBD456FDCF16FA379274610C	checks=EBCFCE831F66382614D9D0EF9FBD30D566E0B019BC9C955F943FD61658C90626
before:actual-presented-leaf-gluing	head=e77fda3102152ca111daf3464af4a45931178f81	main=87BE216E92B19AD2044BF5DB1551A3D36BE3993ABBD456FDCF16FA379274610C	checks=EBCFCE831F66382614D9D0EF9FBD30D566E0B019BC9C955F943FD61658C90626
after:actual-presented-leaf-gluing	head=e77fda3102152ca111daf3464af4a45931178f81	main=87BE216E92B19AD2044BF5DB1551A3D36BE3993ABBD456FDCF16FA379274610C	checks=EBCFCE831F66382614D9D0EF9FBD30D566E0B019BC9C955F943FD61658C90626
before:actual-leaf-transport	head=e77fda3102152ca111daf3464af4a45931178f81	main=87BE216E92B19AD2044BF5DB1551A3D36BE3993ABBD456FDCF16FA379274610C	checks=EBCFCE831F66382614D9D0EF9FBD30D566E0B019BC9C955F943FD61658C90626
after:actual-leaf-transport	head=e77fda3102152ca111daf3464af4a45931178f81	main=87BE216E92B19AD2044BF5DB1551A3D36BE3993ABBD456FDCF16FA379274610C	checks=EBCFCE831F66382614D9D0EF9FBD30D566E0B019BC9C955F943FD61658C90626
before:main	head=e77fda3102152ca111daf3464af4a45931178f81	main=87BE216E92B19AD2044BF5DB1551A3D36BE3993ABBD456FDCF16FA379274610C	checks=EBCFCE831F66382614D9D0EF9FBD30D566E0B019BC9C955F943FD61658C90626
after:main	head=e77fda3102152ca111daf3464af4a45931178f81	main=87BE216E92B19AD2044BF5DB1551A3D36BE3993ABBD456FDCF16FA379274610C	checks=EBCFCE831F66382614D9D0EF9FBD30D566E0B019BC9C955F943FD61658C90626
before:checks	head=e77fda3102152ca111daf3464af4a45931178f81	main=87BE216E92B19AD2044BF5DB1551A3D36BE3993ABBD456FDCF16FA379274610C	checks=EBCFCE831F66382614D9D0EF9FBD30D566E0B019BC9C955F943FD61658C90626
after:checks	head=e77fda3102152ca111daf3464af4a45931178f81	main=87BE216E92B19AD2044BF5DB1551A3D36BE3993ABBD456FDCF16FA379274610C	checks=EBCFCE831F66382614D9D0EF9FBD30D566E0B019BC9C955F943FD61658C90626
final	head=e77fda3102152ca111daf3464af4a45931178f81	main=87BE216E92B19AD2044BF5DB1551A3D36BE3993ABBD456FDCF16FA379274610C	checks=EBCFCE831F66382614D9D0EF9FBD30D566E0B019BC9C955F943FD61658C90626
finalize-before	head=e77fda3102152ca111daf3464af4a45931178f81	main=87BE216E92B19AD2044BF5DB1551A3D36BE3993ABBD456FDCF16FA379274610C	checks=EBCFCE831F66382614D9D0EF9FBD30D566E0B019BC9C955F943FD61658C90626
finalize-after	head=e77fda3102152ca111daf3464af4a45931178f81	main=87BE216E92B19AD2044BF5DB1551A3D36BE3993ABBD456FDCF16FA379274610C	checks=EBCFCE831F66382614D9D0EF9FBD30D566E0B019BC9C955F943FD61658C90626
